account,first_name,last_name,state,address,zip,home_phone,cell,positive_contacts,negative_contacts,contact,payment_count
084-CCK-568,Carolan,Shirt,MI,540 Stuart Circle,0574-7090,616-505-2654,405-105-1278,66,84,75,37
175-IUr-473,Penny,Farlam,CA,7 Chive Junction,49738-005,714-141-1393,615-246-6516,38,91,88,33
220-vhL-125,Karyl,Lowdwell,AR,050 Fordem Plaza,68151-2476,479-658-4154,801-134-8037,12,77,90,92
233-oZ7-979,Lane,Alfonso,KS,894 Autumn Leaf Circle,57237-054,316-182-9789,281-352-8837,44,8,73,66
810-DtF-207,Hewet,Rowcastle,TX,9496 Meadow Vale Crossing,54595-001,806-620-5323,907-720-6473,20,63,39,6
775-HFQ-020,Filbert,Berth,DC,393 8th Place,25021-827,202-471-9956,915-241-1418,21,82,60,86
467-Fic-745,Sibilla,Hogben,TX,73537 Arkansas Trail,99207-271,361-485-7841,309-992-4893,59,97,50,9
792-H4R-754,Trevor,Simony,MI,223 Northview Trail,0132-0334,313-155-6388,559-511-1237,12,26,7,70
400-zjW-676,Neille,Farrow,MO,08155 Carey Hill,65084-266,417-236-8186,609-327-6553,23,3,48,99
970-hhA-182,Margy,Saphin,WI,5 Gerald Trail,55154-2090,414-971-1010,205-827-0402,80,4,8,14
263-zcf-571,Dory,Neissen,NE,5 Becker Crossing,55289-403,402-686-3458,864-851-8356,49,83,92,85
546-TRB-664,Rodolph,Ramel,FL,562 Lake View Circle,52124-0114,239-864-9220,361-216-2342,90,78,54,94
050-vUF-729,Jule,Coucher,LA,13554 Quincy Park,60429-281,318-101-7682,410-141-6690,20,5,66,30
775-03V-360,Corenda,Guppy,FL,9265 Eastlawn Way,0603-4975,850-258-3230,314-371-2536,77,4,74,70
386-ZBR-310,Albina,Bruyett,IN,009 Sugar Trail,0498-0740,260-783-6848,801-312-7851,58,90,98,98
081-cQW-528,Cirillo,Wozencraft,DE,7730 Myrtle Center,51079-852,302-968-5293,305-644-6683,14,3,47,75
876-Shb-514,Odette,Goldsby,NC,80954 Anzinger Junction,57691-161,704-354-4114,414-157-6398,36,43,41,70
897-Fq5-933,Dieter,Hubbocks,IN,5752 Browning Terrace,66993-406,260-435-6427,972-304-3990,29,75,23,96
628-g7b-388,Shannan,Gates,NE,0647 Walton Trail,68151-4338,402-854-5340,206-431-1895,71,17,32,85
127-LhP-742,Pincus,Moquin,WA,1 Toban Drive,50332-0201,425-980-1951,214-239-0869,2,98,73,78
979-BzV-231,Reagan,Clark,DC,1 Drewry Point,57955-6011,202-530-1917,509-549-0238,51,89,71,91
587-s8t-281,Ethan,Senescall,TX,0770 Swallow Avenue,60429-257,512-622-7970,806-830-4222,40,49,84,76
636-c64-862,Aldis,Kalinke,NY,2009 Duke Way,55526-0004,212-931-2854,505-672-6232,95,37,52,63
089-xjL-552,Eldin,Puckey,NY,0572 Coleman Avenue,65044-1338,917-999-9008,319-317-1027,27,77,51,33
335-UOx-118,Othello,Perrins,CO,39 Porter Alley,62750-040,303-953-4721,561-875-2352,74,54,54,69
173-Ea9-210,Kingston,Olle,IA,78961 Hanover Parkway,36987-3199,515-630-5110,949-932-3870,98,40,98,72
435-v5H-167,Zedekiah,Prinne,CA,9 Badeau Crossing,0179-8705,916-341-1316,214-567-5896,65,7,20,33
007-Vjq-810,Saraann,Emloch,LA,10 Mockingbird Avenue,14222-2050,318-164-2825,253-362-7244,57,70,31,92
828-9jv-160,Libbi,Puncher,TX,9 Elgar Circle,21695-929,210-358-3868,808-682-3567,50,43,58,75
894-pyS-463,Berry,Piffe,TX,7 Carey Crossing,43353-744,361-201-8658,912-937-2077,52,51,3,97
626-eFP-020,Dolores,Pattingson,GA,3 Linden Trail,37205-752,912-351-2920,806-710-4661,25,76,62,8
147-52O-545,Noland,O'Gaven,FL,93317 Lunder Trail,57520-0795,904-367-2149,857-125-4098,39,34,90,35
631-zH2-649,Dallis,Blacklock,TX,69 Hauk Alley,75990-007,210-439-6689,302-959-9458,84,98,4,4
590-8z3-837,Jolynn,Domone,CA,64 Rusk Trail,43857-0310,916-837-1379,517-533-1281,90,76,66,64
744-Cok-766,Titus,Asty,AL,6 Mccormick Park,16590-616,334-660-3995,903-415-3875,76,70,62,73
506-1Sd-060,Wolfie,Whitrod,VA,6 Village Drive,66944-001,571-789-1068,301-689-0440,73,88,99,70
960-G3p-548,Miof mela,Atlay,PA,4 Erie Drive,64778-0214,717-922-5788,412-394-2395,70,7,83,1
158-6Em-223,Chaddy,Braime,ME,23819 Judy Junction,43269-710,207-454-9077,901-858-5985,91,55,95,65
491-8yE-809,Doralyn,Chesterman,HI,82 Mesta Way,36987-2414,808-360-7667,312-901-3795,80,47,20,61
551-UHS-500,Kelcie,Leathley,FL,2 Spaight Place,68472-084,941-833-5221,205-133-0399,78,67,62,45
695-ncA-188,Emmy,Lindegard,CA,3 Prairie Rose Point,49288-0698,562-252-9812,917-231-3264,25,32,26,48
612-E0y-802,Rasla,Muspratt,IL,8 Pine View Parkway,30142-935,217-384-7605,404-158-8303,7,72,59,10
647-BgJ-678,Aili,Chevalier,CA,9851 Waubesa Court,52125-868,510-708-5304,704-709-9810,24,54,77,90
532-js3-006,Bogart,Fadden,KS,059 Ridgeview Crossing,59779-844,316-666-8420,574-459-5702,38,53,10,17
605-8Vo-126,Carlo,Dolman,NC,6 Brickson Park Lane,21221-002,828-869-5109,281-526-4586,93,65,73,13
315-EoD-271,Janifer,Botwood,FL,758 Clarendon Way,60505-0363,813-794-7301,816-952-0801,37,51,60,80
259-Vks-192,Rustin,Fransewich,MI,5734 Scott Trail,33261-667,989-528-0287,512-834-6256,33,31,62,65
769-2CK-906,Caryn,Rutt,WV,0788 Toban Hill,0472-3901,304-337-1073,801-970-1664,2,59,35,99
110-sth-752,Derry,Brevetor,DC,451 Express Circle,43742-0448,202-658-7995,443-803-2003,63,70,56,53
003-tHN-200,Linnet,Gwillyam,TN,01 Blue Bill Park Center,50845-0114,615-684-4219,561-924-4982,80,2,28,24
363-xQ7-279,Garik,Grevatt,TN,7875 Huxley Way,76439-243,901-609-9338,318-294-7822,82,31,51,25
141-lBZ-284,Ancell,Trenear,CA,56155 Katie Park,50111-470,213-836-0493,719-287-2943,3,24,79,46
924-QNK-678,Ebony,de Zamora,DC,50021 Vahlen Way,63104-004,202-858-0378,202-420-0732,64,97,51,50
797-gPz-694,Waverley,Snugg,SD,992 Anzinger Circle,14783-316,605-685-1059,561-472-8983,4,91,45,65
415-CoC-491,Con,Witherop,CO,50329 Lindbergh Terrace,63868-116,719-829-0866,513-734-7359,95,11,65,92
146-I1m-559,Nadeen,Ugoletti,CA,49 Browning Alley,0597-0184,916-214-7477,202-707-2869,56,1,83,89
618-M5N-829,Claresta,Ritelli,DC,104 Ridgeview Alley,60505-3454,202-790-5790,863-142-3597,77,83,22,95
409-pcm-120,Adriana,Dockrell,KY,8600 Kingsford Park,55154-6295,502-765-0077,915-327-0558,86,74,15,86
401-8k2-817,Alena,Gallyon,CA,24 Esch Point,55045-3207,562-931-7287,985-195-8392,61,100,69,18
312-Q9H-737,Alma,Jorck,MI,038 Truax Plaza,0378-0542,616-916-5213,915-956-4967,27,21,55,30
350-Tr1-068,Sascha,Fitchell,TX,23575 Vahlen Junction,0024-0393,512-870-4583,915-584-4878,50,91,93,73
112-Ifz-947,Vernice,Erie,MD,463 Dottie Park,52125-668,301-336-2800,318-307-2642,24,22,99,50
972-L9C-352,Elsey,D'Elias,TX,8 Lighthouse Bay Lane,0641-0410,281-424-0773,323-267-6624,14,19,17,62
642-ZzV-493,Maurine,Pitrollo,OK,9808 Lake View Point,35356-388,918-318-5280,918-486-2953,1,76,87,36
622-MkW-188,Harwell,Deener,NC,3679 Sheridan Crossing,21130-463,919-392-0097,540-783-0400,76,32,17,71
104-dUy-759,Annissa,Heffron,TX,06489 3rd Plaza,52244-449,915-593-7843,415-698-2088,13,13,39,5
597-Xpg-299,Marius,Zukerman,LA,9836 Cordelia Circle,48951-5070,318-835-2533,916-660-2863,19,58,4,70
203-uhe-524,Archer,Leftridge,NC,878 Upham Parkway,0245-0536,704-120-8171,205-514-5749,13,15,100,46
840-w0s-305,Marven,McEvay,DC,6214 Division Park,67457-430,202-905-5675,267-829-0540,24,62,85,78
957-3jx-210,Tallou,Puttick,FL,9 Morning Circle,59667-0110,941-672-3021,601-413-3728,85,14,41,83
852-MnU-551,Salome,Hue,NV,65 Hintze Circle,58930-063,702-351-4792,571-783-1328,46,84,5,11
804-etY-575,Aymer,Rookes,TX,2592 Commercial Place,55289-334,915-215-5235,978-512-2972,95,17,14,95
140-BxO-137,Hadria,Dallyn,TN,186 Bartillon Crossing,0781-1971,865-213-2976,402-589-3607,5,20,33,76
917-pDK-009,Carroll,Revell,TX,4 Morning Parkway,61995-2760,972-566-9304,205-100-6231,90,25,27,2
416-D1g-593,Maisie,Scotson,KS,68 Sachs Parkway,53808-0335,913-302-7151,510-296-2272,32,7,57,37
677-iFY-535,Arabelle,Deas,FL,330 Meadow Vale Junction,63629-3859,754-107-7526,850-366-2436,61,25,75,56
617-EAO-248,Ellette,Aspland,VA,223 Crownhardt Road,0904-5259,571-483-2825,571-411-3655,13,25,59,77
035-M6s-754,Bride,Avent,AZ,626 Continental Street,66184-532,602-154-6134,513-436-0173,75,21,63,73
702-zz9-910,Aubrette,Batcheldor,IA,7720 Prairie Rose Junction,49715-009,515-837-5603,804-652-7191,18,88,86,28
645-4wA-408,Dick,Cansdill,TX,08 Derek Place,63629-1501,940-155-2449,615-808-1060,33,78,87,11
361-N6p-784,Fara,Hauxwell,CA,133 Fairview Trail,98132-732,415-469-2194,917-498-6243,93,24,41,87
317-CGg-467,Laughton,Huguenet,OH,6361 Washington Center,17630-2012,614-708-9833,805-284-2105,89,22,86,10
471-vxa-122,Turner,Ahlin,NY,6824 Loftsgordon Alley,0019-1333,518-755-7388,718-569-5775,16,50,58,100
106-Dxd-734,Ellyn,Balderstone,TX,30 Oakridge Alley,62839-1084,979-539-5390,573-827-5595,14,6,71,6
904-wvr-126,Garth,Adamowitz,UT,35746 Hovde Lane,66336-817,801-585-0560,720-185-5948,97,2,17,90
355-eBk-065,Rufus,Arnason,CA,2 Spenser Hill,49348-074,530-773-1352,914-492-3398,57,59,14,38
998-zQI-358,Jerry,Ramas,MI,3 Mockingbird Junction,10812-605,313-515-1653,937-321-6556,32,70,51,20
725-pJ8-771,Hagan,Jewiss,CA,1305 Gulseth Center,49035-000,949-509-3880,520-676-6033,62,3,22,62
290-XqB-543,Frank,Tubb,NY,59514 Summer Ridge Park,0093-3109,516-474-6058,714-943-9027,5,28,24,37
680-2zF-842,Brynn,Oliphard,FL,7 International Crossing,65162-999,727-540-1851,850-854-5166,6,52,80,23
787-G2k-347,Lulu,Hannis,CA,914 Sommers Park,55714-4425,530-260-0548,518-727-3008,77,49,61,28
426-mfC-901,Lenore,Jessep,AL,6 Ridgeview Hill,0378-9290,334-542-7706,717-110-1820,48,60,17,42
225-04K-602,Culver,McGrath,IA,9 Mayer Park,0093-2058,515-204-2142,325-161-3235,1,34,70,89
477-4q4-029,Reinhold,McMenamin,VA,68974 Debs Parkway,54868-5033,804-321-1442,318-877-8544,69,18,68,100
498-NxZ-933,Loella,Copson,CO,58934 Killdeer Plaza,65241-0001,720-570-5226,678-263-1419,75,77,70,39
335-BVG-380,Alasdair,Aseef,NY,941 Macpherson Alley,76461-003,315-836-7694,386-564-2651,86,7,32,51
715-vHS-873,Clementius,Oxtiby,CO,12 Lillian Pass,35356-362,303-842-7792,952-601-0935,96,61,90,76
409-7Y4-462,Archibold,Throssell,KS,4 Old Gate Avenue,62011-0145,913-115-8829,918-712-6078,87,13,25,37
941-UTO-278,Euphemia,Daw,DC,5 Jenifer Street,52389-249,202-631-6424,862-963-6480,13,88,67,10
728-6gu-887,Osborn,Davidovitch,WA,22 Rowland Park,24477-516,253-964-7285,916-762-6291,9,78,12,20
275-TcN-025,Jdavie,Brabbins,DC,18229 Southridge Place,63629-4394,202-982-1280,831-794-9406,42,59,80,63
606-BR2-044,Shaun,Lofts,NM,46 Mandrake Street,49967-243,505-920-3802,972-824-8322,1,76,99,18
281-nN4-995,Patten,Bamell,CA,2616 Morning Lane,0093-7381,209-540-0683,408-818-5074,51,61,81,28
231-XPk-718,Jocko,Greening,CA,11758 Graceland Street,41190-931,619-528-8057,585-815-4467,23,49,46,28
829-jTw-702,Zara,Antoinet,OR,15 Golf Course Center,41520-116,208-877-0853,212-770-9272,9,94,55,14
947-cSn-304,Marita,Gibke,MD,67608 Bartelt Avenue,43547-222,240-235-3184,914-742-1930,76,60,24,17
792-vhz-325,Winonah,Chansonnau,FL,3 Laurel Terrace,53346-1314,352-949-3834,502-849-5379,14,52,69,46
743-U78-580,Ailbert,Garnson,OR,97 Sugar Parkway,59779-391,503-636-0935,760-867-0289,47,8,77,14
629-Pfk-473,Kayle,Herreran,OK,620 Bunker Hill Road,0113-0852,405-356-8385,202-610-6210,36,2,62,10
555-r07-966,Jacinta,Feary,VA,9 Sage Crossing,55289-002,804-862-3333,862-833-3876,91,83,60,11
862-4ln-513,Stu,Filippyev,AZ,1348 Browning Plaza,49288-0441,480-844-5648,727-571-6775,94,10,68,52
330-yrC-124,Sibel,Berthelet,MN,9211 Hansons Road,60505-3806,952-635-6027,817-581-0271,31,35,56,24
389-kkE-473,Francyne,Sign,AZ,96 Hintze Circle,41250-202,520-425-2669,213-511-6847,32,39,66,72
620-ny7-133,Ainsley,Read,NJ,049 Muir Road,0573-0246,908-417-0717,832-167-5870,68,31,11,94
070-sGt-503,Aldous,Kennally,OR,63955 Northland Place,60429-219,541-200-9562,719-891-4584,48,50,55,12
863-EP9-930,Abagael,Statton,TX,2 Westridge Lane,55513-005,817-875-9686,570-788-5964,74,30,57,57
439-06D-275,Marris,Digwood,NM,9 Anhalt Plaza,68001-120,505-514-0994,360-960-7425,30,84,28,39
675-JdG-363,Vic,Drysdall,LA,978 Gulseth Avenue,48273-001,504-901-7448,606-687-3573,69,51,38,52
557-vST-033,Brynne,Lemasney,GA,62587 Ridge Oak Hill,55045-1147,404-838-8846,404-553-4702,77,63,27,2
711-3fw-655,Minnie,Brackstone,NY,0209 Rockefeller Terrace,51060-054,518-997-3729,312-549-7732,38,60,17,33
536-zN0-592,Leann,Gethins,GA,90511 Moland Road,62007-010,770-205-7203,214-930-4233,44,10,58,87
939-Q7f-277,Conway,Rosenshine,DC,392 Fair Oaks Junction,0143-1290,202-109-2850,301-186-6172,78,28,7,26
554-aO0-996,Sabrina,MacPike,MN,79040 Blue Bill Park Alley,51079-816,612-104-6634,410-428-4150,1,63,95,55
711-ky7-358,Kayla,Piatti,NY,02 Kinsman Point,42507-692,716-663-3226,912-675-0067,11,92,43,2
080-2RM-154,Othelia,Saterweyte,DC,0684 Menomonie Place,59779-014,202-919-6341,915-857-8156,71,38,96,10
505-eVi-883,Reggie,Van Ross,CO,29 Rowland Park,51138-061,719-180-2326,850-288-1837,59,14,90,46
911-1Gg-411,Boote,Latan,KS,50460 Stephen Park,67544-401,316-205-8077,806-130-6255,98,96,29,29
170-EJY-526,Heidie,Hundey,VA,832 Hansons Way,55724-111,540-208-3078,704-246-8626,64,98,37,55
251-5Pf-797,Dahlia,Grinikhin,CA,852 Briar Crest Park,52125-130,209-204-0582,217-442-2727,61,27,1,91
319-a8F-752,Graham,Applin,OR,07374 Hagan Junction,23155-219,971-780-7239,601-701-7524,19,35,30,85
178-iNa-699,Lem,Stanislaw,TX,327 West Circle,56062-041,915-628-1109,617-586-7813,45,36,21,75
427-i3m-471,Marice,Girardet,NC,55168 Grasskamp Junction,15127-938,336-757-4908,773-110-8784,90,83,41,37
146-Ddk-190,Dara,Goatcher,TX,9 Prairieview Place,57627-151,254-214-0262,413-330-9550,64,51,58,64
628-0en-816,Jasmine,Rassmann,TX,93607 Ronald Regan Alley,52125-645,682-293-7539,540-669-4275,5,75,78,63
615-2yr-334,Lamont,Jull,WA,16095 Meadow Valley Drive,55154-2024,360-360-1504,601-211-9962,98,30,35,7
713-kLQ-129,Miles,Laminman,GA,6967 Northview Point,48951-8131,770-204-0024,910-678-9080,4,89,6,93
050-CQn-361,Maddi,Gibbs,TX,3182 Eastwood Way,50458-864,915-381-8015,515-298-5546,7,78,11,58
837-aib-425,Lucinda,Shottin,MI,28091 Northland Alley,52667-001,248-558-9622,317-163-7785,33,21,77,45
642-ScE-539,Cobbie,Bore,NV,3 Eastlawn Trail,57698-100,702-113-2787,323-231-2286,51,13,61,40
661-pAy-037,Melamie,Blasiak,MD,4 Roth Circle,55118-225,202-497-2205,305-258-6333,81,97,18,57
331-75G-668,Isiahi,Warbys,WI,15 5th Court,49527-571,608-561-5012,518-229-0139,85,39,53,13
796-JSM-860,Roshelle,Davidde,IN,4 Crest Line Crossing,51079-937,812-860-3971,901-228-6727,14,53,2,7
185-SEL-166,Tiffy,Pynn,CA,21 Sundown Park,58414-8730,650-857-7576,561-116-8330,41,84,98,80
216-PZC-162,Arthur,Matthews,GA,388 Acker Drive,63629-4177,404-382-2992,303-460-3907,18,2,91,10
606-m47-825,Chaddy,Alekseicik,SC,40696 Laurel Pass,48951-3052,864-319-1812,706-282-4683,1,83,10,58
907-ldS-883,Louise,Garvagh,AL,418 Dryden Avenue,16714-406,251-504-0998,347-924-1644,68,52,9,11
964-ARs-887,Steffi,Golton,TX,35898 Spenser Junction,51138-008,817-452-1495,626-172-2204,90,14,76,30
333-qRF-847,Mandi,Gronou,MN,39356 Mockingbird Road,57896-449,952-869-6893,814-586-1203,34,70,22,90
743-jO8-214,Trev,Rayworth,UT,69088 Bayside Circle,60512-2007,801-964-2109,209-574-9277,33,4,23,83
731-G3u-687,Kiri,Inglesfield,CO,1 Springs Point,65044-0779,303-303-7546,352-175-8245,56,44,93,1
519-alh-969,Randi,Tarburn,NY,10367 Dunning Court,35356-906,914-208-0596,813-581-6143,93,25,14,42
115-gpe-602,Yevette,Bohman,FL,9 Bayside Court,65044-3254,407-509-0568,916-315-9104,80,68,79,61
183-CEr-355,Gilemette,Thynne,IL,65915 Scoville Point,0904-6019,630-463-8872,414-762-7831,36,47,85,7
606-NOo-927,Laina,MacAne,TX,65 Thierer Avenue,0924-0137,210-123-3292,419-658-7990,19,7,29,100
527-jYN-316,Tate,Rawson,ID,0 Helena Park,49817-1994,208-512-0934,937-105-0284,66,7,83,29
338-LgY-499,Caressa,Mewis,AR,56 Tennessee Circle,61957-0511,501-648-4192,785-396-3340,59,87,93,26
392-X4R-078,Nollie,Roughan,NY,103 Prairie Rose Court,0363-2177,518-643-6593,404-928-0107,98,8,77,1
473-v77-663,Starlin,De Biasio,MD,84 Morningstar Lane,62541-303,443-638-8349,626-793-6066,61,32,80,25
406-Oqh-703,Bethina,Phethean,TX,17 Meadow Ridge Parkway,42291-616,281-489-7291,330-700-6613,27,30,77,47
353-r41-111,Reed,Drillingcourt,FL,67301 Larry Hill,11084-053,772-696-5167,423-802-7127,97,80,59,54
208-bS6-317,Ebba,McCaighey,TX,597 Stephen Crossing,44911-0007,817-440-8872,518-833-3432,55,2,91,7
543-dvg-175,Corri,Barnwill,TX,7 Grover Center,55714-2221,409-617-6136,410-327-8352,72,79,57,55
221-Q1u-721,Farlee,Attreed,TX,7 Wayridge Trail,59640-072,210-169-9087,520-497-2396,19,53,90,67
887-WEK-723,Orv,Bondar,IL,85 Dayton Place,54473-241,309-825-5715,260-221-3364,62,46,19,35
664-UpK-348,Humphrey,Ginner,TX,85 Hoffman Terrace,43857-0270,512-891-8270,919-913-9132,78,12,12,98
574-1hi-397,Carmel,Dorrance,CA,6256 Morningstar Place,54868-6099,858-211-4572,918-235-1229,15,39,81,74
303-kKx-686,Barbara-anne,Crippell,MO,6 Manley Drive,36987-3125,314-303-4682,503-137-2034,62,26,32,24
451-aQ4-838,Waly,Wank,GA,6987 Jenifer Lane,68382-187,912-491-9937,608-318-6451,58,51,29,90
190-UoH-248,Terry,Catford,PA,54 Canary Court,42808-410,215-336-8070,513-304-1011,32,17,20,10
383-h3A-592,Ludvig,Stellin,WA,6608 Burrows Center,36987-2415,509-604-4847,309-440-2509,71,86,18,86
888-6ht-381,Connie,Oglesbee,NY,91 Barby Parkway,24208-299,718-583-9393,408-797-5544,81,84,5,94
492-RA0-147,Tuck,Balcers,KS,691 American Ash Lane,42248-109,785-221-7886,850-594-0047,77,79,2,90
920-LZu-355,Penny,Dowding,NJ,23735 Bunker Hill Circle,35356-253,609-639-8077,336-426-5999,66,45,75,86
077-dnH-170,Charmain,Allkins,VA,68498 Kings Court,65044-2679,571-389-9013,508-187-1384,41,60,84,54
639-7TH-072,Cecile,Giraldez,OH,089 Reindahl Terrace,61010-5603,513-717-5327,641-322-8883,93,30,95,41
853-Zsg-996,Agosto,Mayne,PA,87 Arkansas Pass,53041-405,610-159-6401,863-295-6426,81,34,7,98
354-U7u-670,Witty,Naughton,OH,142 5th Avenue,49349-209,330-808-6674,815-919-9786,82,36,72,29
257-NhA-566,Doris,Pinchback,NY,38 Prairie Rose Plaza,0085-1177,212-410-5882,619-746-2445,28,56,48,99
927-FQ9-473,Janet,Gayden,CA,17342 Fallview Court,0591-3498,209-490-5893,480-361-4162,79,81,32,94
266-RRr-734,Reginauld,Mawd,LA,12679 Shoshone Lane,52125-234,504-305-9258,323-251-7392,29,37,61,38
229-MtQ-752,Lita,Stevens,TX,620 Kim Center,49908-167,940-905-7162,520-983-7462,94,12,35,83
049-E4s-532,Pierson,McKmurrie,MI,61130 Montana Plaza,60793-854,313-993-7606,225-484-2332,79,56,97,36
331-74j-479,Jerrie,Toulmin,VA,7 Katie Plaza,59667-0073,757-283-3131,559-407-3290,61,24,83,97
452-RaR-092,Gallard,Espina,IN,3530 Autumn Leaf Crossing,62756-518,765-113-3813,208-136-1416,53,3,36,53
976-zKF-709,Marquita,Gian,NY,73916 Morrow Road,76472-1126,518-949-1713,910-549-3257,1,60,54,43
068-yBD-723,Basile,Tolwood,FL,52301 Shoshone Court,36987-2156,813-327-1172,860-490-7247,57,42,3,70
509-NUv-049,Reagen,Aukland,NE,0181 Barnett Court,57237-005,402-146-4194,810-847-4512,70,98,18,35
021-mHT-693,Reeva,Raggitt,CO,1925 Sullivan Pass,61957-1812,303-339-8304,509-767-3583,91,52,34,17
519-YjY-048,Ray,Sybbe,CA,5718 Weeping Birch Crossing,52125-102,415-788-8937,561-387-0455,5,72,44,38
771-G8b-495,Jeanine,Nicely,CA,04596 Valley Edge Plaza,0338-1113,650-115-4353,317-522-8943,74,14,5,65
909-dHd-818,Gianna,Meys,WI,9232 Coolidge Park,0093-7182,414-422-2370,832-374-4649,28,62,43,35
680-8y5-780,Land,Cotton,TX,4813 Northland Point,40089-113,806-153-6102,916-930-1451,68,29,13,35
054-X2A-108,Aloin,Willgrass,TX,79 Sloan Crossing,98132-181,713-853-1381,520-935-9361,9,23,61,60
201-xjY-460,Dominique,Deveraux,GA,57 Mallard Pass,76237-312,478-865-1304,323-404-5588,55,21,7,2
873-sVB-167,Isak,Menis,VA,9 Glacier Hill Circle,42549-604,804-104-7952,702-660-5745,2,37,90,89
769-XOI-503,Skipper,Coe,NM,55 8th Drive,67877-120,505-594-7517,334-915-3964,75,56,95,93
377-wGv-650,Jehu,Sabater,NM,69234 Leroy Way,51960-001,505-652-4804,217-355-0197,71,35,11,11
214-eeD-512,Viv,Carlisle,MN,45766 Dottie Way,63691-008,651-658-6674,559-696-8521,26,18,11,51
730-LRS-040,Raff,Jack,MI,93703 Fallview Center,49999-376,313-290-0745,937-774-0483,83,10,10,67
700-NFq-510,Claus,Hollyar,NM,6 Loomis Point,41520-272,505-966-6810,919-902-4892,80,100,5,79
399-HXd-417,Dorolice,Rase,IL,8165 Everett Parkway,55143-104,312-669-6229,509-195-6900,34,51,62,1
732-97l-849,Shelagh,Splevings,IN,90 Carberry Center,59762-0278,317-930-2566,806-151-6726,84,37,80,84
424-pE2-368,Jennica,Birkenhead,IN,3514 Browning Avenue,54868-0538,317-364-3838,310-544-0313,95,71,52,34
998-DqY-554,Leo,Coogan,TX,33314 Dwight Park,68180-384,806-643-9833,318-377-2869,30,2,92,39
243-Smq-786,Beniamino,Linnit,FL,34708 Sundown Junction,10267-3206,407-974-9966,907-350-0195,79,13,20,44
545-EXq-074,Ayn,Delouch,TX,72 Orin Lane,41163-409,325-597-8407,603-605-6301,56,66,32,44
044-FYu-362,Gran,Greenfield,CA,17 Luster Lane,0268-1172,714-134-3442,804-973-3308,14,12,8,44
298-med-805,Bibbie,Butterfint,FL,12586 Packers Junction,53329-207,904-772-7215,512-528-6088,36,53,18,20
156-AMo-024,Bibby,Robroe,FL,3 Superior Crossing,0113-0166,561-954-8473,682-934-0784,41,59,40,31
464-DLK-985,Pennie,Leaburn,MA,56765 Sullivan Junction,52125-225,508-848-2260,202-873-1895,87,33,77,99
031-kJv-649,Vin,Bellis,CA,54 Shasta Center,53329-902,209-819-9405,781-214-0090,51,83,58,5
910-QCT-786,Karola,MacNamara,FL,86 Del Sol Place,63736-029,561-696-3668,507-499-2742,23,51,12,50
061-ACP-984,Hinze,Mephan,NE,5241 Merchant Center,33261-900,402-397-6600,702-659-8138,45,83,96,42
401-xeK-058,Trace,Wragg,AL,18 Pleasure Point,68745-2014,205-947-8266,813-431-5374,38,62,76,18
183-9fZ-653,Alec,Fitzsimon,PA,14 Elka Hill,76041-712,215-874-6696,806-907-3122,79,98,90,56
206-Fpz-834,Theda,Boshere,CA,00464 Buell Court,50544-007,916-179-2025,269-284-9689,30,60,74,54
786-SZL-351,Marnie,Drogan,NV,61720 American Junction,68151-1929,702-453-9764,651-647-9677,41,22,48,6
334-AiC-836,Alfreda,Priestley,MN,455 Arapahoe Parkway,54868-6078,952-723-6917,415-260-1436,69,34,33,1
346-Zkk-851,Ryann,Scarisbrick,TN,864 Corscot Hill,41595-5401,901-600-3722,718-244-6214,84,22,63,4
812-xaq-214,Nita,Culverhouse,AZ,26 Del Sol Court,13537-333,602-512-5226,407-315-4410,39,80,100,46
025-MuH-294,Estrellita,Vaud,VA,43663 Del Mar Hill,0574-0148,804-826-4263,801-346-9939,5,19,96,88
625-rf5-914,Genia,Hambers,OH,9151 Blaine Center,36987-2857,740-265-4676,206-171-9217,75,15,6,54
984-Acj-169,Dorrie,Grzesiak,MN,7 Spaight Point,39822-0412,651-110-5362,561-133-7471,99,59,74,39
514-l71-099,Rudolfo,Emtage,TN,5554 Haas Trail,49502-501,901-754-5621,510-992-8992,30,48,70,88
693-N98-488,Sherwood,Yushankin,TX,587 Onsgard Circle,49817-0054,936-678-8411,615-641-3728,90,21,19,86
099-KIE-782,Karna,Shepton,IL,99643 Weeping Birch Crossing,65862-300,312-120-4716,413-409-6695,36,89,95,8
323-jAX-893,Ford,Allman,GA,05 Kennedy Road,42291-615,404-320-6224,253-920-0045,21,92,63,16
622-q4s-729,Keith,Grew,NE,038 Longview Point,55154-4566,402-161-6414,214-345-4009,21,12,56,58
789-SmF-464,Jermain,Blazevic,GA,974 Gina Park,43857-0282,404-218-6482,804-380-5695,42,76,41,51
383-5q1-507,Hillier,Rains,NY,3 Dwight Center,55154-7554,646-877-7787,312-957-5608,56,81,42,46
015-hS1-656,Kippy,Fassan,IL,32088 Luster Hill,63645-161,847-724-1091,305-504-1710,86,53,63,5
102-WzE-685,Ashlan,Chidler,CA,32 Texas Circle,51346-245,818-179-4939,202-578-2746,23,29,66,39
211-0K4-383,Stephenie,Tidmas,WA,93 Bobwhite Trail,64205-127,206-542-4719,202-508-2249,79,22,51,100
463-One-435,Myrtle,Ibel,IN,78731 6th Drive,45802-888,812-475-3211,650-213-6086,10,16,56,38
093-jG7-481,Cleavland,Benkin,NY,312 La Follette Street,0363-0195,212-142-9493,207-252-2408,77,88,80,51
728-wim-985,Emalia,Cases,MO,1651 Scott Crossing,0264-7578,314-228-1279,814-235-2960,57,100,1,63
340-hLu-852,Gray,Rosevear,PA,13222 Tony Alley,36987-3115,717-412-9176,513-989-2397,49,93,33,46
577-yPm-406,Elfrida,Lowerson,PA,6 Lawn Place,63323-658,570-649-3769,702-221-8868,73,8,37,1
837-ddC-076,Rosabel,Mattisssen,FL,0596 Fairfield Crossing,0168-0382,727-264-3401,281-949-7686,67,40,5,15
683-0tA-380,Jo ann,Blacklidge,VA,93 Dayton Avenue,49349-078,434-170-5307,859-954-0567,3,48,40,72
646-vZV-938,Matilde,McNess,PA,620 Everett Plaza,11822-0701,717-147-3486,402-215-8094,46,74,34,96
836-3Q5-637,Meg,Saura,NY,03748 Manley Court,0406-0582,315-802-8408,502-805-6484,41,56,27,54
772-WSh-084,Ludovico,Steart,MI,615 Arkansas Place,41250-330,269-399-0718,609-994-3178,14,48,9,19
103-ao6-015,Carmelle,Stefanovic,OH,45 Burning Wood Trail,43063-213,330-972-1006,214-789-4070,35,59,99,41
631-4rY-318,Jobye,Clutten,UT,15371 Graceland Plaza,47335-804,801-933-9602,718-145-3445,80,27,61,12
634-UsZ-729,Amalie,McGrirl,CA,95 Redwing Way,61577-3710,818-859-9170,650-548-3837,94,53,90,66
874-7d1-075,Rubin,Hymus,MN,6 Kedzie Trail,55150-167,952-282-1537,229-846-4229,58,3,71,23
333-6kP-263,Rickert,Goldthorpe,AR,2971 Delaware Hill,43353-769,501-693-9501,702-858-2317,24,9,64,32
525-4G8-602,Ray,Elbourne,KY,3 Cordelia Point,55910-922,502-713-6718,417-502-5795,36,83,54,51
083-N4h-694,Jerri,Girone,TX,6 Lien Circle,0363-0873,972-895-8271,410-467-9600,97,41,100,48
631-w3y-778,Mirabelle,Verey,GA,48065 Roxbury Center,50972-766,770-945-0265,504-314-1803,4,85,85,26
044-Fcg-563,Wileen,MacDaid,FL,8495 Fremont Parkway,61047-810,754-393-1768,801-653-1256,7,48,42,38
796-FAV-102,Lyndell,Gossage,NY,84 Beilfuss Parkway,54868-5876,646-106-3670,202-532-3508,58,73,34,64
770-tIt-752,Mora,Balcock,CO,4344 Del Sol Pass,51444-004,719-703-2087,562-365-8989,76,84,99,20
196-wUm-513,Nobie,Simenet,DC,52981 Continental Way,60793-858,202-920-6854,260-818-0414,57,45,80,82
042-CKO-280,Adda,Houlworth,TN,92 Jana Road,63941-130,615-670-8557,904-192-4668,3,85,39,73
056-4Jp-532,Konstantin,Treherne,AZ,204 Dottie Place,25021-660,602-284-1802,832-678-8315,94,15,78,80
891-h15-953,Mylo,Dible,FL,736 Butternut Hill,51079-347,850-864-5698,818-511-9275,44,83,75,90
839-CJg-333,Kenyon,Milnthorpe,IN,5378 Esch Place,52164-1101,260-653-3059,515-561-6297,45,17,62,12
094-Inw-205,Dredi,Piner,IL,58 Scott Terrace,13107-058,312-741-6953,503-533-6660,41,88,98,81
809-yem-577,Tiphani,Battersby,FL,5 Clyde Gallagher Way,41250-002,786-597-3580,941-749-2567,83,15,83,24
462-yIU-737,Berti,Ashpole,CA,69 International Lane,51079-462,323-541-6305,818-173-0527,6,34,99,72
673-IEd-991,Hermina,Bemand,MA,59 Canary Park,11673-616,339-372-8107,214-281-6104,44,11,99,14
632-Nhi-534,Alyda,Gagen,CO,308 7th Way,58420-004,719-310-6725,432-457-0239,78,23,28,13
952-gVx-661,Mic,Ashford,MO,00237 Forest Run Junction,47682-127,417-878-8162,509-425-6904,27,95,60,69
860-jyj-706,Tibold,Kerslake,MN,053 Chive Hill,68382-123,952-247-5426,203-365-5848,96,40,80,2
879-ze7-272,Jennica,Crosscombe,MI,6 Morning Alley,55714-2242,313-240-6361,704-865-5051,1,57,66,14
725-iRn-679,Sibelle,Chatten,CT,638 Acker Park,0409-1212,203-430-8145,505-872-3121,59,89,90,88
594-LAT-035,Sauncho,Edington,CA,4394 Loftsgordon Alley,55111-156,619-995-4099,720-639-0442,42,12,3,97
795-FJU-748,Simonette,Niesing,AZ,83441 Heath Alley,0603-4975,623-838-7238,770-847-0890,44,87,86,28
645-EpI-652,Hoebart,Limer,FL,03 Northview Center,36987-1884,954-689-4760,719-273-6887,70,46,25,75
694-LkI-646,Roby,Huddle,IN,04580 Merrick Lane,36987-2214,765-865-7926,651-768-9995,60,55,19,97
283-KLU-493,Fabe,Screwton,NY,41305 Nancy Way,55648-185,917-226-4603,850-991-8481,76,62,14,97
628-7TE-154,Denver,MacGinlay,KY,6576 Dakota Crossing,24236-121,859-456-7622,202-119-4530,87,53,56,4
298-gzm-165,Ivette,Dommerque,IA,5484 Vahlen Alley,63404-0910,515-227-7066,912-863-5528,100,15,99,29
002-YsR-694,Rhonda,Yanshinov,LA,8 Cherokee Center,10157-9875,504-319-8413,617-797-3320,66,69,53,7
414-Efj-613,Tobiah,Stollberger,NY,66 Fisk Trail,30142-318,212-910-5332,423-846-6032,8,47,67,35
228-5Fn-219,Spense,Peealess,FL,9 Darwin Crossing,68737-227,239-177-7155,913-185-6084,88,81,33,23
433-KIc-048,Tedie,Hayford,TN,7278 Texas Junction,65692-1001,615-627-9794,562-208-8905,17,78,63,70
892-IqQ-970,Dulcy,Worner,KY,2255 Continental Alley,60512-2012,502-717-5784,206-487-3708,75,94,80,11
177-irS-334,Tiff,Lamble,GA,7 Morning Park,67046-015,229-189-3172,860-290-2629,99,46,91,75
626-lLJ-206,Read,Sarath,WA,191 Forest Point,58980-504,509-351-6092,909-404-6334,45,40,36,68
707-MLK-707,Jeremie,MacTrustrie,LA,7 Saint Paul Center,60512-6346,318-319-9589,313-624-5112,84,89,1,92
911-A3l-069,Cristobal,Ingerson,MO,173 Spohn Street,55154-5737,816-657-5285,423-333-2228,4,70,88,52
317-RHY-276,Violette,Tyreman,CA,675 Lerdahl Trail,52125-541,760-987-3314,716-371-5227,95,69,78,76
374-go8-745,Johnath,Arnefield,NJ,6 Carioca Lane,62713-802,862-990-4706,770-344-0095,100,44,22,62
154-cpQ-689,Prudi,Lodevick,GA,59 Eliot Way,0904-6311,478-631-3255,214-659-8009,12,11,87,15
217-UsW-931,Broddy,Eite,KY,45 Roth Plaza,49999-487,502-678-6876,915-214-6776,31,74,35,9
627-n1F-453,Halli,Sivorn,MA,46451 Browning Circle,51079-150,617-781-5654,479-953-2864,24,27,25,40
079-yCb-486,Alberto,Petera,NY,26197 Michigan Crossing,23155-220,917-739-6057,571-691-1837,75,13,52,44
839-SN6-805,Adi,Craft,CO,21 Mifflin Avenue,0378-6021,303-502-6999,714-541-9225,4,76,16,4
812-Uo6-500,Humfried,Peye,FL,526 Iowa Place,43772-0033,941-825-1968,817-924-2707,4,65,89,63
355-INq-510,Shanon,Obington,MI,7 Kim Crossing,65601-752,586-696-5491,202-577-0567,89,62,96,43
657-mBN-752,Lorry,Cawson,CA,35910 Fairfield Avenue,51079-196,916-308-3335,405-112-6285,11,83,50,77
063-bI7-105,Gerhardine,Grigoletti,AZ,5 Ridge Oak Crossing,57815-021,602-331-4661,203-527-7141,56,92,95,66
862-T3v-158,Salli,Jeremiah,CA,83 Porter Crossing,0591-3173,408-464-9772,702-344-4297,50,16,20,50
215-iVp-890,Marcellus,Garlicke,WA,8 Bunker Hill Center,41268-532,509-466-7525,505-826-4284,82,32,10,54
243-alM-628,Carlina,Croce,FL,83758 Morrow Crossing,54868-5079,727-127-1348,202-762-9463,79,65,15,10
725-7UG-062,Geri,Deyenhardt,AZ,5 Nancy Court,48951-8087,520-543-7779,302-160-1676,80,63,25,85
029-yJN-656,Bernette,Nattriss,NE,94 Heffernan Crossing,41250-975,402-197-3643,973-656-2986,27,66,85,24
560-eRB-544,Wain,Romney,GA,79 Elka Plaza,42254-426,912-948-1100,402-522-9197,88,11,41,2
267-bvz-036,Avram,Brehaut,FL,5 Hagan Street,49035-516,239-976-3507,909-744-2535,1,31,59,68
935-STM-481,Stearne,Allenson,OK,5 Darwin Court,58737-112,918-162-0175,334-203-4000,34,5,42,30
060-cu8-114,Merrielle,Cuthill,TX,381 Reinke Point,53218-002,713-120-7765,206-626-4018,62,20,87,12
676-znC-472,Gayle,Pratt,TN,6 Washington Avenue,65044-2413,423-114-3665,209-329-8805,37,41,39,86
133-Y1K-745,Madlen,Goldman,TX,87 Nancy Circle,75862-016,940-128-1041,517-792-7783,26,95,35,52
622-b4V-111,Tallou,Bartolomeoni,CA,925 Acker Road,0781-5182,310-312-0335,772-720-9948,32,81,88,92
664-ZOj-364,Nedi,Revie,OH,3784 Hansons Circle,0517-0780,234-195-1574,419-332-4818,21,68,51,46
352-HeL-430,Jules,Cleugher,OH,01126 3rd Trail,0615-7643,513-120-4267,573-580-9596,31,20,36,33
316-cwz-448,Tamarah,Pardi,NY,9187 Eliot Way,64942-1313,518-751-4531,251-988-3651,51,55,42,41
606-YWl-617,Jaquelyn,Sabate,TX,63406 Clarendon Hill,76095-003,915-947-7631,901-892-2934,73,50,75,39
856-LTy-009,Marcy,Etridge,CA,53344 Veith Parkway,54868-0017,818-291-3517,513-442-4240,14,28,76,33
815-yY8-552,Veronika,Adkins,MN,98 Blackbird Terrace,0703-9040,612-346-7926,937-160-6449,5,30,19,78
628-50s-001,Averil,Vedekhov,CA,0303 Northland Place,64942-1347,916-647-6183,763-518-4557,69,99,43,16
567-92b-066,Laurel,Caudrey,MN,262 Roth Trail,33261-966,612-483-9337,225-152-3974,95,73,62,7
634-0Sn-616,Nobie,Standish,OH,25 Carey Avenue,68026-534,937-425-3124,850-968-9093,22,74,26,89
023-BFs-072,Freda,Mingotti,IL,9 Southridge Circle,36987-1102,773-802-1702,719-640-8253,97,61,94,35
107-lfZ-546,Tara,Olrenshaw,MI,27584 Monument Junction,49967-709,517-366-9990,732-113-5900,88,45,50,36
179-gjD-584,Nathan,Ruddell,WA,0925 Maywood Center,63629-1606,253-281-0482,727-741-8988,49,76,3,40
774-D3h-336,Arabele,Kiellor,MI,75 Charing Cross Park,0268-0107,734-187-0010,561-225-1068,84,96,17,12
767-Yog-589,Bancroft,Lavington,TX,6872 Warbler Point,43742-0325,713-173-3066,562-892-8512,42,22,79,8
812-FOs-964,Alexi,Eisold,VA,66 Crest Line Plaza,59310-175,804-813-0013,478-114-9683,83,95,64,13
086-Hfb-776,Dulci,Gervaise,CA,23808 Eastlawn Alley,52125-416,619-104-4957,313-200-3087,53,100,37,1
765-Xfl-900,Neddy,Lappine,FL,1 Beilfuss Drive,45802-282,239-340-4636,516-233-6355,46,4,48,17
877-g6M-006,Mayor,Frascone,OH,01 Spenser Street,0496-0777,513-231-1071,260-198-2842,94,19,79,85
988-ZR0-549,Bailey,Dukelow,NY,11 Bashford Drive,70253-326,917-593-8881,859-501-2223,43,85,48,3
311-GxA-133,Patric,Muro,NC,930 Debra Hill,68084-078,336-880-4070,408-233-4240,3,42,90,50
110-dDs-871,Kaylil,Kingzet,CA,68 Gale Junction,59450-223,213-347-4630,336-356-8085,44,43,8,52
861-KMi-948,Alayne,Windows,WA,49260 Schlimgen Court,42536-6044,425-421-9864,201-562-5252,87,92,41,75
243-7th-668,Ethel,Tirrell,OH,862 Darwin Court,65841-628,234-509-4769,510-744-2903,69,21,90,48
036-oU9-031,Rayna,Newall,PA,6 Roth Hill,52959-739,717-331-6851,785-227-2924,21,15,44,3
847-Szs-324,Drusi,Heading,GA,92233 Buhler Pass,49738-723,770-946-4307,303-987-0143,47,82,71,25
050-WVr-457,Jobey,Burdas,TX,11683 Cascade Center,57520-0347,806-487-1568,513-564-8382,72,71,41,42
993-p0r-714,Ollie,Mathonnet,TX,6 Randy Road,49349-896,817-744-3952,912-738-7310,32,88,22,58
435-wEu-774,Shelly,Tissiman,TX,07 Weeping Birch Hill,36987-2497,817-113-4658,407-459-4079,21,41,60,23
038-TDf-205,Danny,Breakwell,OR,40 Buena Vista Hill,37808-552,971-726-3909,217-447-1193,39,19,36,7
787-WXG-387,Harley,Ashcroft,TX,3495 Garrison Circle,50436-3175,713-977-8587,337-651-8072,77,11,22,7
547-5rJ-753,Fernando,Dobeson,CA,55 La Follette Pass,65084-454,559-151-4325,989-943-0320,44,6,8,8
725-SF3-778,Consuela,Cutbirth,AL,14 Delladonna Crossing,13107-074,334-807-8698,309-611-3302,38,37,42,29
995-uAZ-170,Karlis,Ruzicka,NJ,25 Linden Crossing,21130-024,908-223-2327,864-875-0491,97,29,97,60
217-iy5-514,Reiko,Dorrance,TX,290 Welch Court,58118-0420,713-922-1019,212-144-9182,34,34,66,72
347-DPe-565,Cleopatra,D'Errico,MN,399 Little Fleur Place,0228-3063,218-200-4434,919-787-1079,98,92,19,64
989-S4P-393,Bliss,Teasdale-Markie,KY,54 Cascade Plaza,0527-1367,859-828-7947,713-312-8004,2,9,67,4
497-ZAS-209,Julia,McCafferky,CA,22 Randy Junction,37000-138,415-326-9821,314-322-6020,18,72,96,63
863-pFm-263,Ariel,Fearnyough,VA,9 Fairview Center,30142-004,571-908-9039,240-492-8095,41,4,39,46
985-P7e-861,Mendy,Jouandet,OK,5 Vahlen Drive,10885-002,918-254-0679,614-681-8243,46,13,65,36
402-mTi-816,Alaine,Booi,DC,4 American Parkway,36987-2856,202-208-0487,763-413-4587,86,66,11,78
036-3Ut-002,Tybie,Kiefer,CA,5 Elka Point,54868-6020,909-410-4915,901-731-1560,81,59,21,17
372-dIG-744,Biddy,Romayn,VA,50 Hansons Point,35356-791,757-813-5424,504-291-6244,58,51,16,40
221-P5R-356,Claudie,Joist,IN,2594 Declaration Hill,41520-179,260-666-4623,202-152-1003,27,82,93,13
200-gNt-235,Bryanty,Eccleshare,FL,762 Sage Plaza,53807-520,386-667-0858,651-866-5519,12,25,8,46
906-Z5g-391,Kellby,Redmore,ND,373 Blue Bill Park Pass,53499-0133,701-473-1941,570-469-9925,56,89,19,20
185-fCs-006,Valentine,Greiser,TN,1546 Hanson Point,21130-424,423-793-7039,806-558-0321,50,96,57,93
713-wXW-537,Eddy,Merwood,CA,5206 Susan Place,62756-348,559-284-8426,919-405-8470,6,13,70,97
948-TSN-480,Bern,Alder,GA,902 Cody Court,63868-807,770-817-3820,719-522-3799,12,62,25,11
647-8RB-338,Therine,Roset,VA,49 Homewood Alley,68084-066,757-467-2054,801-516-3318,64,73,26,58
894-Xbr-157,Nedi,Lodewick,MO,3422 Sycamore Junction,60429-624,417-305-3808,317-680-3509,17,42,88,10
058-BLn-708,Arlene,Houldcroft,GA,1351 Michigan Alley,64406-806,404-157-6012,713-398-3408,77,42,77,70
086-jJ7-388,Minni,Chatto,SC,4708 Cherokee Parkway,53808-0896,803-409-1859,352-818-5715,27,27,39,53
968-sXi-707,Travus,Chilcotte,TX,34 Golf View Road,10202-186,214-450-8985,561-683-6911,82,94,11,62
602-MJM-968,Ajay,Atterley,MD,36249 Farmco Court,43498-250,301-650-7265,719-983-3280,74,39,38,14
826-9NP-974,Torie,Keppe,NY,63929 Evergreen Trail,49738-220,212-783-9078,860-363-6646,38,49,45,76
620-f1F-038,Cammie,Binnell,TX,9416 Nova Plaza,49967-357,469-126-0995,571-382-0383,15,88,98,5
558-mzZ-671,Philly,Tomson,GA,44393 Coolidge Alley,50114-1286,404-192-5984,319-353-2579,95,24,89,40
765-pxj-293,Corella,Legendre,MI,4853 Dottie Circle,56062-423,734-775-6562,718-285-2754,14,52,15,63
076-9uy-758,Jorey,Chilvers,CA,697 Thierer Circle,60637-002,805-406-7015,850-379-7401,38,14,69,82
781-e45-784,Lissi,Hedgecock,OK,0 Cottonwood Drive,10056-100,405-477-1788,323-705-0023,96,18,60,14
398-4GZ-342,Deina,Charity,CO,6695 Buhler Terrace,62654-142,303-791-4831,540-684-9399,40,70,46,79
668-hoC-511,Marcille,Stetson,FL,550 Summer Ridge Circle,50845-0003,863-636-2826,682-752-7693,77,32,18,93
155-GLS-875,Cristobal,Flobert,OH,39 Nelson Pass,42806-048,614-112-3084,215-607-1257,61,59,76,99
700-r5t-533,Dorolice,Swinfon,MO,023 Petterle Crossing,63187-162,816-202-6757,408-952-3072,91,15,33,70
477-KE8-159,Evangeline,Copland,PA,155 Bluestem Drive,55700-025,724-216-1044,817-688-8385,36,81,71,86
731-971-375,Nerte,Woehler,MD,40888 Waubesa Center,49288-0802,410-503-4937,713-862-0831,22,58,27,93
177-Sr6-528,Catherine,Nary,OR,39481 Boyd Lane,0113-0321,503-348-1373,304-376-5483,31,3,70,34
670-DHs-252,Junia,Coulthart,MO,92614 Lyons Point,58988-0022,314-548-9566,254-709-6036,46,58,43,40
018-V07-175,Darell,Tockell,OK,998 Thierer Point,14783-604,405-558-4112,517-384-0011,15,45,10,17
356-imh-622,Maisey,Rowbury,FL,1164 Evergreen Court,0093-5538,904-403-1170,234-876-0931,98,89,4,75
636-8tn-466,Adriaens,Tourville,AL,157 Red Cloud Plaza,61077-028,251-429-9255,502-485-7083,8,35,77,96
877-qlL-506,Keelby,Bradburn,IN,949 Monument Avenue,41520-913,812-995-2060,859-588-0224,69,100,54,22
718-zBL-498,Shaylynn,Quelch,VA,50160 Fremont Street,0575-6200,434-631-9112,619-385-4030,4,43,94,49
246-Jc1-579,Ginger,Fisby,IL,05 Ridgeway Parkway,49999-879,815-439-2103,212-586-4012,74,34,49,73
740-XYj-033,Dominique,Scorthorne,OK,92770 Loftsgordon Center,63354-315,405-547-9511,209-652-4319,57,71,35,77
496-xHM-527,Petronille,Casbolt,CA,748 Tennessee Crossing,10742-8682,213-926-5925,323-164-7383,77,62,69,47
655-xG8-647,Jillene,Santarelli,GA,1602 Warrior Court,68703-151,770-878-4872,360-307-5137,97,14,11,10
207-G0C-524,Morty,Connechie,NY,5513 Almo Parkway,43547-275,518-837-5667,901-416-8719,97,99,60,37
636-QwW-091,Tulley,Budding,TX,708 Dixon Park,61957-2022,254-551-5208,719-723-5212,87,2,96,89
499-CIJ-188,Eddy,Bravey,CT,97 Hanson Terrace,0049-3970,203-717-0805,540-158-6866,52,5,65,85
329-vVj-125,Hermann,Pressnell,FL,876 Crest Line Point,15054-0530,850-876-5231,850-648-4750,1,25,39,51
604-JOk-574,Teresita,Rubury,SD,27 Michigan Alley,0781-1762,605-750-2722,214-690-3987,90,54,5,76
791-vPo-923,Sumner,Baldam,MA,69681 Briar Crest Road,43269-761,508-345-6589,850-921-3977,76,70,28,15
210-Yfe-318,Maisey,Staniforth,CA,6428 Esker Street,53346-1330,559-677-6311,305-979-6149,15,89,90,7
916-q4d-089,Lanie,Valencia,GA,4378 Mitchell Street,49288-0603,404-692-5089,941-148-1850,83,90,65,50
288-fAQ-780,Denney,Stower,MN,60 Blackbird Way,67253-942,952-544-9040,304-196-5174,39,72,45,71
325-E9y-583,Stan,Gaul,IL,50237 Mccormick Way,68788-9549,217-869-2090,915-146-4370,37,35,84,1
931-99w-495,Florie,Doniso,NV,03475 Grayhawk Terrace,36987-2552,775-916-9338,312-606-2446,92,5,32,76
222-EZ3-825,Brose,Yglesia,VA,9 Jenna Point,54868-4369,757-751-2524,347-818-7871,3,11,86,22
703-S6D-971,Miles,Tomblin,MS,76 Golf Course Way,36987-2502,601-767-1244,561-184-2795,30,92,88,11
148-fe2-335,Sammie,Alder,PA,61601 Steensland Circle,57955-1020,412-600-0181,240-349-7301,38,69,19,8
274-cf6-045,Adelice,Giacomuzzo,FL,944 Chinook Point,51991-648,561-761-6012,731-638-5077,50,52,23,71
451-ivX-458,Rahal,Shimmans,AZ,17408 Northport Parkway,0113-0206,480-558-0927,513-815-3857,38,59,38,94
056-D4z-812,Pennie,Lothean,NY,41707 Westridge Plaza,13668-167,516-758-8305,410-787-0477,21,37,23,43
809-i1k-923,Walton,Murr,TX,956 Bunting Terrace,24236-729,806-246-7208,251-440-2331,42,95,63,68
103-Hl3-195,Renie,Korf,IN,8 Algoma Terrace,50972-278,765-369-0039,214-618-5477,86,90,47,21
658-TLF-456,Beltran,Robelin,TX,03 Miller Trail,67877-146,915-935-1959,818-886-0001,38,93,56,32
034-hCD-032,Ker,Jacklings,TX,2 Evergreen Drive,65044-2294,915-968-6121,702-922-9613,35,9,66,32
556-ZJy-166,Roberta,Ashley,OR,953 Dennis Avenue,52125-635,971-579-8592,408-589-3624,59,36,39,80
815-jjy-784,Karrie,Bayley,FL,71 Main Plaza,49288-0329,941-235-8108,502-704-5716,9,83,56,94
525-sL7-162,Remy,Boatswain,IL,287 Esch Parkway,42291-159,312-448-5439,202-945-7372,19,96,4,73
652-Mxn-267,Ange,Wildin,LA,6 Calypso Drive,63824-464,225-488-7855,616-971-0396,82,14,39,39
649-NBr-470,Aurie,Moran,PA,4 Shasta Circle,63187-011,724-944-4988,303-250-5326,53,83,73,37
219-XXJ-243,Brewster,Canceller,TX,02 Sherman Avenue,33261-754,281-284-8093,706-961-5489,16,38,43,66
668-RNe-469,Terrijo,McReynolds,MO,144 Declaration Junction,59779-162,417-123-2474,214-683-7085,16,94,47,41
802-s00-295,Garald,Heminsley,TX,11 New Castle Street,36987-2015,817-762-9830,417-644-9211,38,30,56,77
921-UXI-699,Godfree,Demeza,NY,70 Summer Ridge Trail,59762-5250,518-418-3610,336-216-3973,21,11,6,67
723-PoD-695,Perry,Dowty,NY,26574 John Wall Avenue,0536-2470,585-763-6513,507-628-8910,97,55,90,83
142-7mI-573,Anthia,McPeck,NY,833 Warbler Drive,14783-083,347-105-4439,208-573-0444,46,23,58,99
082-YsA-627,Cherye,Padberry,FL,30522 Ludington Lane,0168-0333,813-437-5027,513-880-1118,100,42,9,81
357-IVH-284,Osbourn,Borrow,GA,715 Dorton Court,54868-5346,478-270-2242,401-368-4110,18,89,11,43
107-ZJu-116,Currie,Cleare,VA,6828 Monica Drive,55289-798,540-763-4399,515-310-1166,26,16,75,32
949-aCG-436,Calhoun,Hallede,NV,76617 Ohio Avenue,66129-430,775-770-7407,713-626-2639,72,81,56,9
112-l3y-940,Ashli,Koene,FL,49 Arkansas Crossing,55926-0022,239-513-5110,336-464-2687,94,15,56,73
835-Zfj-304,Barnabas,Wark,UT,275 Caliangt Parkway,36987-3097,801-914-3925,951-688-0924,41,31,95,6
426-E5Q-671,Torin,Walford,MI,17 Hansons Alley,37012-255,313-167-3519,601-340-6803,96,35,6,68
960-wWY-572,Monroe,Heavyside,ND,525 Katie Trail,48951-8130,701-715-0881,234-573-5056,55,59,49,73
942-YeV-783,Mikaela,Vacher,CA,5566 Artisan Pass,58118-5770,626-328-1231,408-354-5176,37,41,77,65
626-fY3-733,Eb,Bullocke,WI,0 Glacier Hill Parkway,53329-651,414-223-6095,915-725-9243,23,85,65,42
088-pih-337,Isador,Buxam,PA,691 Crescent Oaks Pass,61822-0047,570-212-6675,804-624-1501,23,6,38,40
985-qxL-454,Dorey,McLinden,WI,76 Melody Terrace,0093-5297,608-986-6830,318-868-6827,67,41,64,87
879-dIo-888,Mic,Zimmer,FL,7 Summer Ridge Center,42507-903,239-689-7263,503-939-2545,10,75,75,79
053-AZ1-532,Coral,Gosnold,GA,126 Porter Circle,16714-355,404-348-1215,213-297-3607,9,78,61,94
906-fQA-950,Vassily,Doberer,CA,63378 Pepper Wood Way,67172-174,626-335-1513,305-243-7054,53,76,86,88
523-Rdb-157,Toby,Baldrick,CO,6 Pierstorff Road,59062-1229,719-848-8670,404-650-2450,79,84,44,34
733-xzy-147,Stephie,Walkden,FL,76284 Nobel Circle,54973-1157,904-970-0424,772-894-2167,74,63,59,44
410-JwL-206,Hugh,Puller,MI,80625 Bunting Junction,0603-4247,313-356-0620,937-699-9684,43,100,86,36
514-PAE-555,Stormy,Chicchelli,TX,13555 Bellgrove Trail,54868-5080,830-161-5447,903-284-4144,11,11,46,20
307-kfP-504,Corty,Impy,FL,6 Atwood Place,55910-233,305-700-6933,405-448-3040,99,16,90,46
513-xEV-158,Malvin,Henze,MA,21381 Old Shore Trail,37808-057,508-240-1003,240-382-5127,83,73,45,55
342-GQC-689,Anita,Lovie,FL,57 Debra Circle,60432-245,863-457-3799,706-797-2103,35,59,94,93
295-rGR-884,Bartolomeo,Gartsyde,KS,7219 International Avenue,22840-0037,316-557-8074,425-197-7503,92,35,50,15
785-MCo-793,Sherry,McKeran,MI,28602 Monica Road,55316-310,517-265-3849,336-570-7780,59,40,67,55
904-u2v-109,Jerad,Plumridge,GA,491 Beilfuss Court,59779-242,678-128-7984,918-308-0860,64,76,30,21
199-L9r-405,Dorena,Morrall,OH,56867 Petterle Plaza,42254-126,937-669-3745,215-499-6671,87,52,46,66
967-DBd-870,Kyle,Daltry,PA,0 Lakeland Alley,68682-707,814-793-2838,678-514-7211,18,2,80,71
507-cjo-507,Egon,Immings,TX,25 Scofield Terrace,0178-0615,214-720-8297,503-430-9650,17,46,27,21
907-YSs-819,Chloris,Hadlington,CT,09493 7th Street,21695-047,203-324-2604,919-512-6695,93,18,96,17
237-pPK-711,Germaine,Featherstonhaugh,ID,7 Cordelia Place,14550-517,208-427-6418,734-512-0425,60,1,31,34
531-MOu-661,Maryl,Maylour,KY,99753 Basil Hill,49404-107,502-453-4954,404-689-6154,97,74,72,27
472-9xc-226,Jeramey,Ramsby,MA,7 Spohn Junction,52183-395,508-141-0397,610-122-3811,23,91,66,32
976-gW2-703,Meredith,Magee,MI,3 Glendale Hill,36987-2111,313-686-8761,415-450-9990,20,74,26,14
483-RST-302,Aluino,Chatterton,KS,1462 Barby Parkway,51885-3310,316-296-0295,615-298-8927,75,16,81,34
454-ufl-927,Genovera,Doxey,FL,34 Walton Crossing,55621-009,352-270-6125,601-451-6762,23,39,22,8
759-SSY-502,Chaunce,Haysham,DC,4 Oxford Junction,55910-302,202-754-9437,314-695-5716,8,77,84,58
426-yI1-973,Selena,Janjic,GA,1815 Coolidge Pass,62750-042,404-880-9531,504-548-3406,25,76,31,77
584-o1I-635,Gottfried,Woolen,CA,658 Oneill Center,36987-2506,951-840-1954,502-350-2551,2,88,80,11
610-BYZ-975,Sean,Whitehorn,PA,3454 Birchwood Avenue,68472-049,570-504-0978,212-530-3470,16,47,32,15
385-nMu-884,Marve,Horrigan,FL,44 Bartelt Avenue,57237-071,904-502-7164,682-545-7890,94,72,2,90
689-sSv-068,Hortensia,Berrow,CA,27 Badeau Place,52000-014,916-643-9446,952-881-3821,94,54,66,20
346-WJB-018,Morna,Pendreigh,PA,4 Dapin Road,0406-8096,215-767-1996,407-148-0651,79,71,6,37
159-M32-268,Siffre,Crosson,NC,6 Schiller Circle,51079-514,704-904-9097,240-693-7196,62,76,34,61
899-mAe-071,Brodie,Vero,TX,2 Del Sol Circle,47682-931,214-958-8156,860-188-5676,27,54,26,34
808-Dqv-737,Joane,Calterone,OH,6564 Heffernan Terrace,44924-002,216-225-2762,323-388-0306,91,86,62,6
472-EQS-672,Ardelis,Hollingshead,CA,37328 Alpine Trail,68745-2043,209-213-2198,517-136-9092,15,19,8,28
430-Ihc-666,Kiley,Camilio,TX,6287 Graceland Trail,52584-503,682-231-3542,352-432-1455,49,24,48,34
762-gLr-782,Alameda,Hamel,MI,6 Clove Plaza,51393-7336,231-419-5402,361-776-5185,57,55,19,100
602-r5Z-412,Katie,Hilldrup,NY,2196 Pankratz Crossing,50845-0120,718-856-0246,781-663-7212,6,55,64,89
432-1Ew-220,Sherlock,Borrell,MN,4519 Shasta Street,34645-4001,651-883-7702,816-114-1281,60,8,21,43
111-qXt-871,Massimiliano,Hooks,KY,74511 Eastwood Center,62007-005,859-910-8314,919-292-3714,81,19,17,18
108-jVF-256,Fiorenze,Glendza,NY,0 Kinsman Park,36987-2956,212-679-1418,713-697-0492,96,61,66,60
050-OXu-906,Johnna,Craufurd,AL,2323 Carey Point,33261-621,205-313-2558,415-630-6600,36,74,10,63
700-n8W-841,Kelcie,Gossop,CA,167 Clyde Gallagher Place,68479-230,714-251-8630,713-630-8998,82,27,27,16
824-paC-297,Xenia,Milne,AZ,0 Columbus Hill,55289-064,602-478-5647,503-650-5103,80,12,78,50
704-VxQ-765,Christi,Bellie,CT,185 Brown Parkway,50436-6859,203-464-6984,202-204-8791,36,90,72,61
693-sNy-618,Solomon,Forber,CA,829 Sachs Parkway,0440-7135,760-628-7725,907-641-2660,69,79,79,26
610-8cz-518,Kassie,Matteris,AL,47829 Sloan Terrace,24658-140,251-868-6863,404-333-2313,86,66,97,86
609-7yD-857,Kerstin,Vokes,CA,81019 Bunker Hill Junction,54868-4414,714-853-4476,225-647-7378,19,48,94,58
936-TNQ-499,Kimmy,Jackalin,AL,91 Trailsway Court,50458-564,205-534-3263,859-173-1636,95,41,58,62
457-xi1-802,Catlaina,Tregunna,NM,160 3rd Road,43689-0002,505-432-9054,913-980-9163,22,62,28,90
959-BAN-829,Siward,Janjusevic,TX,1821 4th Point,0555-0658,512-684-4504,828-376-2832,6,30,73,53
003-rph-556,Jody,Crennan,WI,66142 Talmadge Parkway,0135-0531,414-726-7073,585-827-0679,13,73,100,41
121-4DZ-170,Laraine,Neve,NJ,05 Del Mar Way,0615-7830,609-886-1393,832-747-3334,37,74,31,97
121-8Gr-156,Devon,Wauchope,GA,371 Main Terrace,21695-597,404-760-6108,513-177-7595,55,54,56,92
389-krT-185,Renault,Ayton,FL,015 Waywood Street,50268-467,941-563-4308,812-637-0138,66,91,20,62
970-f1r-699,Lynnett,Klasen,WI,779 Farwell Way,55154-8386,608-920-2384,316-125-7372,92,81,11,10
113-wUW-764,Cass,Steers,FL,7 Kingsford Point,23155-057,754-994-8900,817-190-8068,48,73,93,19
612-qB3-489,Guthrey,Swaton,FL,37218 Johnson Circle,68026-108,941-706-4103,901-536-8847,54,10,96,60
288-Y6S-739,Adelbert,Roffey,IL,76716 Spohn Terrace,21695-732,217-428-4902,330-362-5726,75,99,68,46
068-03g-340,Loydie,Polle,CA,10 Fuller Way,52125-703,909-341-1232,240-838-9411,71,39,41,95
380-fzR-478,Noby,Krelle,TX,2921 Melody Point,61504-001,210-514-9565,904-581-9702,28,60,36,39
479-OhO-191,Alain,Darter,ID,31 Bartelt Alley,0054-0077,208-212-5245,402-463-6449,29,73,29,56
347-nVC-322,Batsheva,Guarin,AZ,8 Orin Way,64762-874,602-708-4411,617-874-5522,44,20,21,79
829-N99-009,Drucy,Donaldson,MA,57 Westerfield Circle,68788-0053,508-869-1044,239-232-9341,38,28,95,73
908-u7t-931,Odell,Scandroot,MO,441 Northwestern Terrace,59779-919,816-575-7625,830-546-8230,55,40,12,96
024-7PB-442,Che,Gyngell,NY,1436 Buhler Center,49852-176,518-141-0565,423-997-9502,31,41,86,19
724-Izx-495,Meg,Humberstone,CO,0316 Moose Junction,62699-3313,303-331-0133,818-315-3722,52,93,68,63
038-juT-820,Britta,McGrah,FL,3 Sauthoff Park,59779-930,305-793-5934,205-120-9463,97,97,90,9
487-qso-857,Ailina,Howard - Gater,NC,0773 Forest Run Trail,36987-2835,704-150-8645,303-873-1062,3,91,8,61
933-2kT-477,Sibeal,Lugton,PA,85 Columbus Place,49999-156,215-169-4792,214-326-0366,94,7,56,61
504-YHY-717,Connie,Elington,FL,42 Lighthouse Bay Plaza,42023-124,561-108-6145,303-895-2065,30,31,55,48
854-lQi-383,Sarine,MacGinney,WA,72279 Marquette Alley,51439-001,425-111-2528,504-801-8886,48,75,49,64
557-c9M-973,Carla,Leefe,VA,358 Utah Pass,0404-1080,804-533-0512,386-813-7563,77,62,93,77
949-qEm-561,Leif,Gligorijevic,TX,20 Buhler Avenue,42507-801,214-718-4880,682-855-5969,27,39,65,39
407-03d-983,Aluin,Laybourne,OH,4 Vahlen Avenue,54868-6146,216-559-8048,202-769-6990,70,52,30,53
949-CER-790,Penny,Diamant,CO,44344 Randy Court,64942-1340,303-725-7830,202-244-4380,44,30,64,3
067-ztu-131,Andrea,Eddleston,NY,777 Twin Pines Point,55154-3925,347-963-8490,713-570-9115,95,81,75,52
439-Rd5-947,Denney,Murfett,TX,6 Fordem Alley,36800-424,682-699-6155,410-427-6921,71,21,86,92
297-nRp-111,Christiane,Karlsen,AR,13635 Tomscot Lane,0781-1398,479-927-1439,229-605-0562,17,46,2,78
451-jDC-535,Ailsun,Devigne,NE,2 Scoville Court,49671-002,402-816-6314,228-287-9120,64,76,43,38
548-3SX-142,Jamesy,Raoux,CT,42 Kedzie Road,68084-755,203-655-2868,609-691-6212,53,27,98,50
683-Sia-722,Rosabelle,Pakes,WA,9 Little Fleur Park,33992-3000,206-834-3333,410-587-7879,23,50,37,91
456-kj1-859,Verla,Summons,OH,4 Glendale Court,52125-378,216-792-3385,205-671-9660,12,23,4,32
691-kda-867,Christian,Roxburgh,GA,64 Fieldstone Road,61570-048,229-306-6448,314-411-9688,87,22,49,74
835-qig-319,Mellisent,Vankeev,KS,106 Anderson Plaza,68405-298,913-480-3516,678-777-5395,2,2,72,2
795-VVp-890,Gussi,Slorach,NY,5235 Golf Course Circle,51346-182,718-342-9189,920-614-9657,61,65,32,10
642-kqv-159,Baldwin,Ord,DC,34 Huxley Center,24658-212,202-286-5310,318-638-4442,34,47,14,83
061-sCZ-236,Sampson,Pimm,CT,2 Marquette Alley,50563-124,860-783-7283,775-769-0726,27,94,65,71
065-eaN-916,Bethanne,Adamiec,LA,67504 Declaration Crossing,54868-5494,225-949-2396,202-888-1640,53,92,81,46
790-8Gy-121,Murielle,Dary,NV,7 Southridge Hill,60512-9083,702-945-8561,979-812-5820,10,74,75,41
446-MpX-120,Bancroft,Beddall,NC,52951 Lawn Drive,0904-5736,910-143-0998,731-542-0307,99,81,11,4
483-8Lx-387,Vitoria,Dossantos,CA,2 Lakeland Alley,48951-1021,714-673-6613,952-929-2450,22,12,19,95
114-AhC-623,Broderick,Hollerin,CO,50 Logan Center,64679-714,303-274-3967,804-841-9861,43,51,91,47
426-rXP-013,Suzanne,McCarrell,OH,01 Superior Place,42254-112,513-617-0364,203-624-4311,89,80,85,61
441-DQo-741,Ephrayim,Luscott,NV,9 Troy Center,50228-136,702-873-7244,757-227-5683,2,89,53,51
607-0uW-958,Julie,Branney,FL,723 Ludington Drive,43353-794,407-477-3156,585-786-5843,39,15,36,11
465-dtl-893,Grete,Dunstan,FL,5 Laurel Place,43596-0004,754-781-4666,612-459-6164,88,50,53,3
488-5IP-552,Brandon,Rylance,IA,79295 Melvin Way,13537-499,515-479-9787,646-190-7088,67,79,34,40
957-oyk-048,Chase,Jackways,LA,8350 8th Trail,0179-0063,318-867-0638,412-839-7480,74,8,55,77
791-Lfe-427,Geno,Chestnutt,IL,2775 Hanover Terrace,53489-332,309-822-8074,603-256-2672,1,39,70,15
596-FbP-832,Chet,Grinval,IL,89413 Armistice Junction,35356-670,217-511-8031,304-535-1303,13,71,2,32
306-Y8Y-552,Zorina,Roggero,MO,731 Ronald Regan Junction,42808-200,816-621-2283,801-929-8246,47,17,37,60
338-5NC-420,Sarette,Hemstead,OH,67 Truax Terrace,45264-009,937-406-8262,251-208-8675,60,37,60,76
260-Uwc-383,Dotti,Durban,KY,02 Elmside Trail,55714-8009,502-521-7539,515-758-5948,27,37,40,36
087-tEt-122,Gerrie,Mieville,IN,788 Bartillon Junction,0268-0940,812-387-1275,920-656-6443,4,42,72,59
333-TxZ-108,Valenka,Lampen,MI,325 Old Gate Crossing,52125-317,616-124-4053,425-591-0395,74,69,42,74
455-gSx-232,Hali,Karppi,DC,05807 Ridge Oak Hill,65954-008,202-423-0789,214-277-0301,19,62,96,73
854-l1W-019,Lucie,Barbie,TX,5884 Porter Junction,55154-6960,806-817-2483,513-297-4851,27,84,43,53
224-Qx5-752,Vivienne,Cianni,IN,17974 Bobwhite Avenue,58414-3047,317-997-8174,916-902-3070,42,55,11,21
313-OPr-473,Ase,McPake,NC,315 Bunting Terrace,36987-2372,828-491-7647,858-398-1077,88,86,79,9
039-6cN-915,Franchot,Folomkin,AR,64940 Warbler Parkway,21695-329,501-785-9703,916-407-6692,98,12,85,30
715-0Uf-716,Roanne,Tofanini,FL,59 Browning Lane,55154-5465,754-680-6547,808-557-0467,66,46,66,51
998-MCa-541,Hayden,Hotchkin,AL,2950 Vernon Way,51079-409,334-873-6282,434-826-3162,8,53,17,83
324-dgS-659,Maris,Einchcombe,TX,006 Trailsway Street,0074-4456,210-510-7138,202-438-2356,51,87,66,46
467-ERX-153,Georgetta,Dilke,DC,055 Southridge Point,66336-815,202-613-8057,402-232-6827,77,86,54,83
977-4Ga-276,Evangelia,Chomicki,CA,4539 Corben Hill,68026-102,619-626-2344,816-838-4355,91,19,76,70
723-f4D-174,Lemmy,Calfe,CA,18004 Warner Park,63739-060,415-147-8043,513-434-6928,35,3,67,12
421-rmV-559,Cheslie,Pounds,MO,58216 Cambridge Street,52685-394,816-964-4354,253-349-7938,89,17,62,21
736-dPl-270,Lanae,Burnup,NC,56681 Pawling Hill,0456-1420,910-960-9353,202-636-6408,34,69,97,8
143-Uqg-529,Drusy,Mary,TX,38285 Bowman Pass,61601-0080,713-804-7450,304-349-0174,36,93,80,15
506-ppo-885,Ellerey,Froom,WI,3 Tennessee Center,55154-6989,920-485-4074,254-979-4813,73,27,5,58
517-hLX-180,Moses,Bergstram,VA,940 Northwestern Trail,21695-196,757-585-3719,202-420-0862,1,34,36,63
297-18W-817,Ax,Sockell,TX,99 Buell Lane,0338-1127,361-917-9375,405-526-2835,64,73,93,73
581-e6q-769,Eba,Woodfine,DC,26 Warrior Street,66336-907,202-895-8528,330-352-7143,31,61,96,82
134-z9L-693,Eal,Sleightholm,FL,8 Mockingbird Center,75847-1709,941-231-4383,251-190-6215,81,47,71,91
396-97m-605,Mayer,Krolak,NY,5 Hollow Ridge Plaza,49349-419,914-566-0067,901-199-1864,60,12,12,55
325-7iu-454,Hilliary,Bransgrove,MN,33 Fulton Park,55648-175,952-569-0480,404-809-9078,87,64,38,99
361-rL4-168,Elysia,Krier,TX,243 Melrose Avenue,0054-0164,409-485-5364,903-239-0650,69,9,83,94
265-aGW-459,Meara,Yabsley,MI,35459 Superior Road,52125-600,989-681-3083,315-975-2583,76,90,90,17
785-DwB-467,Percy,Beades,DC,8294 Charing Cross Terrace,48951-9038,202-561-5179,562-610-7300,57,58,45,95
239-4SR-949,Jakie,Bayldon,UT,10 Mitchell Point,49288-0243,801-893-6948,785-227-1370,61,75,75,56
259-M8E-346,Loralie,Porcas,FL,729 Kedzie Way,68745-1047,954-520-8905,414-732-0690,80,92,29,67
956-XfV-598,Galina,Fabb,MI,7 Bonner Alley,53808-0681,269-734-1711,312-685-4796,84,68,53,65
044-WxG-420,Christoffer,Beagley,TX,3 Porter Plaza,55322-0001,210-296-1601,757-570-0044,18,43,90,1
579-h01-932,Jenifer,Lemmon,FL,1416 Harbort Hill,68803-672,407-472-4597,202-446-7321,97,64,94,18
175-GMg-930,Katrinka,Vink,VA,16 Kingsford Pass,0299-6100,540-882-4250,619-619-8504,27,84,14,92
952-gJM-159,Binni,Willoughey,PA,62145 Waywood Way,42926-165,412-181-2703,818-239-5605,57,15,63,45
671-kZl-562,Dory,Haine,FL,878 Cambridge Pass,43857-0068,850-844-2976,314-663-6451,50,46,6,23
383-v7G-109,Leupold,Thunnercliffe,CA,3316 Straubel Place,53808-0347,916-882-9869,540-587-9531,80,11,22,65
881-P7V-408,Teddie,Archbutt,LA,6192 Kensington Court,57520-0670,225-655-5155,407-861-3640,34,30,28,54
565-YYY-295,Dyane,Haldon,MI,63934 Anderson Trail,53808-0808,517-514-3683,918-880-3959,61,3,69,94
414-qlf-177,Fraser,Taylder,AR,847 Manitowish Hill,76237-147,501-455-3782,937-744-6156,84,40,34,54
603-eH5-983,Taddeusz,Abrahart,WV,1 Morrow Crossing,59351-0329,304-919-2997,404-178-0604,94,54,6,9
291-dlb-319,Mariette,Fazakerley,FL,821 Clarendon Lane,54569-3259,727-792-9438,815-634-8056,51,57,75,16
438-SMM-484,Denney,Aird,OH,46462 Northridge Road,50730-7503,937-224-7156,571-678-8739,71,73,65,47
734-Fkl-963,Langston,Depport,FL,58 Eagle Crest Park,0268-6680,352-402-1327,330-300-3644,87,99,76,84
592-Srw-218,Darby,Shaudfurth,MD,12511 Monterey Drive,54575-288,240-889-2761,337-130-6189,15,99,6,45
656-CGC-506,Cahra,Kwietek,MI,72644 Garrison Alley,53113-550,810-121-6564,815-335-9994,2,6,44,10
259-zuK-109,Theo,Skett,MS,24448 Randy Plaza,49580-0334,601-914-6547,512-425-7078,67,78,29,15
883-MLF-286,Griffith,Grasner,OK,048 Little Fleur Center,54868-4850,918-370-6941,915-856-0476,96,73,96,30
613-1LA-666,Guendolen,Croad,TN,535 Loeprich Point,57955-1800,901-369-1233,253-647-5135,5,45,33,66
042-ojZ-519,Isidor,Southwell,CA,1 Vernon Point,50242-060,916-270-6373,561-408-2212,70,23,21,12
435-pSP-179,Eloisa,Playfoot,NJ,859 Chinook Crossing,33261-078,862-856-1491,859-438-8353,85,24,46,77
979-A28-644,Maddalena,Densun,CO,08 Bobwhite Place,0173-0832,719-775-9315,812-779-8415,13,77,15,59
825-uYl-766,Reiko,Drivers,AL,262 Valley Edge Trail,76335-006,251-732-4991,501-403-5072,17,87,57,4
329-oNs-426,Aviva,Brownlie,VA,01624 Cottonwood Alley,56104-024,540-100-3729,623-980-8508,22,49,86,39
294-rr8-531,Celestine,Dennistoun,MN,5 Northwestern Park,49348-683,612-379-9250,713-723-7823,67,4,97,4
395-O5M-015,Isidro,Coen,TX,986 Riverside Plaza,59137-525,832-241-7593,518-679-9532,67,1,35,26
757-FgO-534,Kris,McGirl,CO,08197 Westport Place,64942-1252,719-102-9270,562-863-9732,9,51,83,86
821-6So-111,Ethe,Giacobillo,SC,4 Mcbride Road,41163-603,864-713-9836,415-248-5547,64,41,23,68
426-Orn-964,Godiva,Orcas,PA,46 Roth Park,65841-647,215-622-0686,434-183-2729,69,22,22,75
535-dbu-083,Laurence,Relton,SC,4 Carey Center,43406-0045,843-674-2839,864-590-1551,2,46,25,6
286-Hff-730,Billy,Schwieso,MO,3 Buena Vista Crossing,10742-0001,573-339-2416,510-313-3234,95,90,77,74
958-TP2-653,Geordie,Ashmore,GA,6650 Hudson Crossing,76420-524,404-152-7499,212-925-8925,50,28,83,44
550-zvK-623,Kris,Chrystie,FL,343 Hintze Point,55154-1386,786-988-2154,303-933-5821,85,38,41,3
745-QOP-098,Skyler,Mattiacci,TX,22315 Banding Court,65841-706,281-105-4925,804-279-1354,17,92,100,65
663-9WT-448,Deeanne,Plott,TX,724 Erie Street,55289-612,281-961-7707,516-696-3497,63,70,50,46
826-chE-422,Estrellita,Estcourt,WV,2759 Loeprich Crossing,66116-603,304-135-3908,661-889-9893,32,77,23,49
532-tUo-653,Spence,Saynor,DC,74560 Pennsylvania Park,64942-1267,202-778-0175,267-412-2427,21,42,18,18
228-cF5-185,Brandy,Tolwood,IL,6963 Fremont Point,55150-129,312-732-3755,954-557-0257,63,7,13,18
680-fb4-867,Avrom,Diplock,MA,09 Debra Junction,43857-0117,508-817-7028,971-181-1184,60,70,46,27
199-lnC-364,Gates,O' Mullane,DC,068 8th Place,59779-218,202-346-0462,508-254-9933,4,64,57,41
304-BiL-544,Amandy,Corbishley,CA,540 Crest Line Point,0113-0535,619-364-4983,718-733-6425,55,7,25,22
909-WeK-279,Stuart,Richard,CA,75014 Sunfield Way,49789-060,818-185-0830,817-984-8791,83,79,61,28
308-eyf-482,Jsandye,Curphey,IA,507 Reindahl Point,37205-992,515-276-9442,360-750-5999,73,11,38,43
594-fuL-205,Piper,Tennick,NY,1296 Johnson Place,10096-0193,718-647-6841,915-130-2305,69,100,10,3
094-Jjp-439,Lexie,Feeham,LA,3 Bellgrove Trail,43353-732,504-497-8207,818-278-7466,71,18,28,77
562-eav-386,Georgia,Askwith,FL,3835 Bowman Drive,11673-281,754-716-8175,682-310-2764,79,56,22,49
014-Hq5-339,Robers,Ormistone,CA,8 Nevada Hill,61589-1816,510-810-1725,805-726-6771,54,25,36,37
347-J2Y-861,Kristan,Tembridge,AL,4185 Vermont Crossing,36987-2025,334-363-2502,202-869-2684,91,74,99,43
505-n6S-507,Ame,O' Kelleher,TX,3 Oakridge Court,54868-5971,713-587-3651,214-758-1118,31,70,69,25
604-sUd-924,Richmond,Liddicoat,CT,39 Canary Avenue,0409-3294,203-491-5710,704-367-9060,11,42,83,68
362-lMl-156,Barnett,Walsh,AL,413 Kinsman Alley,67877-240,205-581-2300,815-494-5879,90,6,96,53
617-utn-772,Dickie,Danshin,IL,76 Leroy Trail,58370-8001,630-423-9947,918-869-9686,68,16,24,19
616-Axy-280,Annabal,Frays,WA,9727 1st Point,63304-161,425-337-3645,646-367-3421,90,29,5,44
779-D7j-338,Storm,Beaufoy,SC,32771 Meadow Valley Park,11822-0018,843-341-1542,816-526-6687,51,21,57,67
152-TGg-272,Bronny,Harnes,PA,901 Lawn Way,49349-994,412-976-1299,754-982-5567,78,65,96,79
571-ag2-050,Roxie,Vennart,OK,15 Swallow Place,49401-102,918-958-2970,727-484-4345,91,72,27,34
165-QpR-200,Valerie,Smowton,TX,917 Loftsgordon Avenue,68682-705,972-290-4012,562-489-6442,87,47,35,46
040-CVv-071,Leshia,Jobling,TX,2 Merrick Park,52731-7001,972-928-8435,417-504-1347,51,34,24,46
433-SX3-654,Alane,Osant,FL,7625 Petterle Lane,54575-391,352-602-9569,619-684-1662,64,29,49,74
374-lSL-338,Cherry,McGahern,DC,27 Crowley Park,0378-1575,202-224-1134,215-137-0821,78,42,96,12
465-kUv-519,Sadella,Coxwell,TX,89959 Northview Parkway,59779-401,817-219-9803,915-310-2442,25,99,21,74
638-65b-558,Cecil,Royse,TX,035 Alpine Crossing,66116-434,214-581-8993,501-804-6570,33,34,25,23
339-Jwv-927,Katerine,Widdison,CA,7227 Bunker Hill Terrace,50730-8308,650-977-2886,617-245-5988,22,32,37,92
403-MdF-346,Isiahi,Monroe,GA,33106 Atwood Hill,53113-262,404-782-9386,615-558-5273,33,48,84,57
763-EsA-072,Skelly,McLese,FL,2408 Melrose Park,0781-5314,813-136-9122,754-759-3291,66,17,18,87
203-m91-842,Alice,Bowley,MS,010 Gina Circle,36987-2394,228-707-9525,309-768-2324,48,63,47,39
038-2FW-757,Randolf,Emeline,MA,1 Main Drive,42961-301,617-244-4912,303-164-4896,52,51,25,88
820-n6y-313,Yves,Jezard,IL,5 Center Avenue,62670-4802,217-266-8553,202-654-2640,13,76,16,81
076-ECq-699,Ivor,Cuffe,CA,47338 Loftsgordon Park,54868-3695,415-887-6064,812-507-3756,38,33,91,71
337-aa9-206,Farrand,Ducket,CA,209 Delaware Street,61589-3810,323-548-7288,619-460-6983,71,42,32,59
967-xCu-287,Sigmund,Ruddell,IA,8 Redwing Trail,59779-164,712-296-2632,347-363-3432,26,83,14,20
203-jZW-560,Jonathan,Antoney,PA,705 North Drive,55154-1498,610-442-9225,614-688-4473,50,72,20,92
120-nNY-372,Michel,Hulburd,NE,6 Manufacturers Court,13537-210,402-684-1718,206-304-0333,42,13,36,55
859-Kcx-942,Elia,Scantlebury,TX,70 Summerview Pass,0173-0781,915-322-6250,843-902-2026,27,47,61,3
231-g0O-987,Cassondra,Godfroy,MN,325 Hazelcrest Street,0944-2656,952-914-7953,515-815-6443,5,68,53,92
554-XAm-271,Estele,Farnish,KS,37249 Loftsgordon Park,59535-4411,913-316-8621,303-848-4042,52,15,54,25
233-GiV-189,Loreen,Bleasby,HI,7003 Fulton Center,0054-0120,808-225-6366,817-373-1281,100,30,94,87
069-Vj1-707,Gwyneth,Barritt,FL,1 Shelley Junction,0641-1397,813-912-2670,203-323-8233,91,83,26,10
254-xKZ-084,Mirabel,Reaveley,NY,10986 Birchwood Center,0091-6701,585-377-9737,626-131-4316,47,91,77,73
397-WMW-447,Mohandis,Garett,CA,0 John Wall Circle,37205-727,909-608-5714,646-529-9819,22,36,45,10
202-nhg-636,Lisette,Southwick,NV,40147 Riverside Parkway,68428-131,702-212-1070,760-515-8239,51,24,83,47
372-nVc-721,Nancey,Moulin,GA,0 Crownhardt Point,50268-190,404-273-4785,503-497-5462,17,49,38,84
040-LAJ-904,Mada,Kedwell,DC,8 Lindbergh Street,16590-306,202-360-0138,786-960-5381,7,27,18,44
402-Gk5-061,Jervis,Spyvye,TX,76061 Loeprich Way,51672-1303,903-922-0079,409-956-7406,11,41,96,68
208-Wee-535,Halie,Corbet,SC,374 Moland Center,49349-160,803-312-3021,409-942-4721,25,9,73,4
121-PcU-814,Karna,Stitle,OH,0713 Arkansas Center,35000-087,614-893-1325,803-490-8671,65,27,9,44
879-xSV-249,Mycah,Dobbs,AZ,3 Sycamore Crossing,66336-030,520-712-5549,713-596-9695,50,72,90,96
345-WLe-497,Etta,Mayfield,IN,176 Carey Road,0268-6715,260-802-5762,540-151-8950,83,94,11,15
855-VGH-043,Isacco,Simenel,CA,3 Lakewood Junction,67405-671,510-162-0510,904-872-3489,77,9,47,74
065-qsU-583,Silvia,Rounsivall,NC,69741 Bay Trail,68084-078,919-495-7124,405-594-5611,77,59,95,6
547-UEc-024,Chancey,Smale,FL,28 Carey Court,34666-011,754-334-6167,208-704-5714,73,45,31,46
597-OQI-787,Chandler,Cossons,OH,5 Shopko Alley,0781-9412,614-230-1857,904-958-0961,54,94,2,53
175-GXb-104,Enrico,Ziebart,TX,6 Lakewood Hill,50436-0872,214-752-7346,904-165-3274,31,5,56,81
118-QfG-908,Daile,McCleary,NY,802 Ronald Regan Park,49348-480,917-700-7440,808-617-9502,78,63,33,72
849-rk3-357,Sara,Monahan,LA,0 Schiller Circle,54473-230,337-451-3927,260-780-5533,85,48,7,1
721-pNK-445,Biddie,Benninck,MN,23139 Reindahl Lane,59779-884,612-206-7652,816-460-5515,73,96,11,77
764-t2q-673,Karlan,Guy,CA,695 Farmco Place,50988-185,858-915-1578,805-603-9929,69,82,57,40
798-TOO-991,Herbie,Robart,FL,87 Fisk Hill,64578-0097,904-545-1015,951-217-4337,34,34,23,41
494-xgp-486,Michaelina,Pride,TX,8733 Miller Point,76070-130,915-510-7927,415-107-4692,58,98,71,39
651-XD8-555,Norry,Champagne,NJ,89858 Jackson Alley,64127-164,973-221-3674,615-443-5719,28,64,41,46
286-qiM-424,Ragnar,Goudie,TX,64551 Scott Place,49349-591,972-732-2450,859-725-5060,82,77,46,27
435-vsI-170,Violet,Kitchingham,CA,7 Jenna Crossing,55154-6671,831-922-6539,504-142-6634,95,68,16,1
867-4AR-014,Orella,Frandsen,CA,237 Holmberg Lane,79596-097,661-690-2446,304-511-7542,43,61,41,44
348-4rz-062,Rudolfo,Henrion,IN,12 Pearson Terrace,51523-004,317-195-8500,239-817-1013,70,69,9,31
457-xa2-224,Deborah,Doubleday,NY,86839 Redwing Parkway,39822-0191,518-278-1732,786-502-4504,52,48,19,61
033-vK6-497,Marji,Sharman,DC,3823 Twin Pines Way,0268-6174,202-867-2291,828-245-9299,84,23,49,99
270-MDc-126,Ella,Kuban,IA,6 Warrior Point,10157-9713,319-908-9720,909-102-3830,45,77,43,5
126-aXa-709,Sella,Atkin,WV,6892 Fairfield Parkway,76250-595,304-879-8839,208-140-0931,76,25,98,95
062-aVC-429,Corney,Deem,WA,31129 Iowa Lane,0781-5252,509-734-2842,540-898-6765,45,45,97,30
254-GHN-960,Hillel,Heigl,MN,21 Golf Lane,75854-302,320-868-9550,646-675-4994,36,59,83,67
550-9j1-251,Wendeline,Osipov,TX,532 Village Center,41167-0843,254-274-8906,612-662-3988,50,86,60,90
863-oP9-217,Emmanuel,Hauxby,NY,2 Nevada Terrace,35356-783,516-569-0766,901-880-0755,32,73,3,80
983-ebj-003,Honoria,Tellesson,PA,77 Red Cloud Terrace,52125-819,814-273-5652,316-302-4620,77,83,38,92
250-ADo-478,Kacy,Foxwell,NC,56370 Declaration Court,41520-950,336-200-4105,605-925-0658,48,11,67,41
158-o5T-682,Shae,Bierman,NV,2 Carberry Court,76439-261,702-659-2302,561-620-0073,3,67,18,9
954-IoF-710,Cathryn,Andree,AL,82577 Hudson Circle,41190-210,334-819-7076,202-415-0316,3,5,75,9
895-oEy-176,Maurie,Armsden,MA,43 8th Court,42858-003,413-580-4063,205-435-4773,97,99,51,92
937-DIO-777,Nataniel,Haskett,SC,89886 Grayhawk Avenue,63629-4367,864-142-0189,239-439-5924,40,44,90,65
073-ioJ-245,Almire,Curson,NC,270 Algoma Road,49035-460,704-431-0147,520-851-9729,29,86,9,96
905-imP-357,Jillie,Cribbins,CA,6363 Farwell Place,55154-4781,619-204-0913,920-653-6489,23,93,91,32
025-mwO-521,Germaine,Clipsham,FL,97200 Dorton Street,54868-3854,321-504-0550,313-502-2659,71,55,32,20
880-B2E-481,Araldo,Culy,WI,3 Gateway Alley,0942-6453,262-875-2206,954-146-2323,8,75,65,15
080-XDd-904,Auroora,Marflitt,LA,483 Ludington Park,50742-156,318-557-3031,512-520-2043,56,22,37,60
764-A7B-297,Orly,Doag,NV,1 Mallory Plaza,60344-1001,702-656-6263,267-565-1900,69,72,57,72
679-EOE-708,Agna,Pervoe,TN,774 Londonderry Street,47682-915,865-199-0374,312-658-7536,75,18,35,26
606-J0c-323,Kristy,Bassam,NY,726 Melvin Pass,0832-0465,585-237-6898,916-930-7777,33,11,57,19
476-Ewi-915,Martelle,Roelofs,NM,1536 Pond Pass,0071-0806,505-736-5122,309-884-4404,86,84,30,95
143-RzD-434,Harlan,Penddreth,NE,623 Merry Plaza,0703-0031,402-935-7398,571-895-5990,100,77,7,78
852-z05-989,Pasquale,Phin,VA,1947 Hanson Point,53808-0846,757-706-1303,816-321-6029,80,24,54,44
126-R9A-699,Lela,Bafford,TX,5 Surrey Drive,54868-4990,915-846-0211,651-989-2550,7,51,37,81
023-ZGi-901,Northrop,Rockcliffe,VA,9 Monument Avenue,57844-105,804-725-2736,718-277-2911,16,93,20,9
231-VPb-551,Aurie,Rown,WV,3 Westerfield Point,21695-494,304-128-4665,954-534-7333,99,100,73,3
242-dlZ-703,Veronike,Stopper,TX,240 Doe Crossing Pass,16781-154,214-262-3735,314-367-4220,62,32,5,73
919-zOG-510,Ingemar,Gerrard,MI,1 Corben Way,61957-0901,313-126-4418,304-956-9633,29,55,41,91
029-Fqn-781,Diahann,Langran,IA,89475 Kim Terrace,15828-871,515-662-9053,754-606-7771,87,47,8,13
861-4YS-228,Felisha,Gent,FL,95728 Cherokee Circle,57243-189,813-319-4189,313-279-0271,19,11,91,54
803-NES-712,Vanna,Backson,FL,0273 Loomis Plaza,54622-686,954-923-8631,213-814-1834,8,68,90,33
297-UCU-704,Darcy,Stockow,NJ,24 Nobel Trail,42002-403,862-535-5676,215-497-8793,7,60,30,76
185-DGB-223,Caty,Jaqueme,OH,43628 Anzinger Trail,0002-4772,937-125-7066,956-240-3338,64,100,62,85
539-7TU-851,Joseph,Langridge,DC,5346 1st Point,36987-2673,202-720-5024,702-785-5597,34,15,55,71
164-kA2-372,Dyanna,Delahunty,UT,44 Judy Avenue,0378-4007,801-556-7889,810-926-8911,79,83,76,28
101-FMA-115,Thom,Duffree,MI,15489 Paget Point,55312-096,313-283-3423,615-416-4852,92,56,24,70
890-Bql-117,Roxi,Redley,UT,099 Dexter Circle,66613-8142,801-472-0787,202-919-7670,63,75,55,94
110-xzo-536,Humfrid,Murfin,NY,43657 Golf Course Center,62011-0150,212-416-5219,774-872-1002,37,69,60,9
502-twY-247,Dalt,Rishbrook,NJ,12218 Karstens Park,49348-876,201-545-2777,941-985-6292,32,73,51,70
511-sqT-956,Marty,Fogt,CA,9 Pine View Avenue,49204-002,213-471-7455,202-196-1144,89,31,33,29
598-g6o-302,Jeramey,Satyford,TX,685 Morrow Avenue,50563-118,210-660-7227,650-768-3804,58,10,2,97
191-4Ny-799,Stanfield,Davidson,TX,4597 Bay Avenue,35356-983,432-922-4941,502-543-6155,23,13,58,51
637-ZtN-924,Abbie,Cleghorn,NH,938 Green Drive,61748-201,603-301-6081,919-388-7961,59,72,33,5
331-krf-132,Kipper,Gallety,AL,098 Stephen Trail,63742-001,256-283-7024,903-830-7557,10,99,63,4
933-8aY-141,Margarethe,Pether,NC,630 Gateway Hill,36987-3153,704-764-2243,651-697-8550,18,28,79,27
402-f7a-957,Ted,Wiper,FL,87087 Crowley Hill,51801-007,305-270-2134,319-983-3825,78,72,96,23
444-JeB-337,Jesus,McSwan,VA,7485 Scott Drive,31645-151,703-835-6694,202-722-1761,77,13,79,46
132-2xu-286,Web,Tames,GA,7 Manufacturers Drive,36987-1134,478-129-7785,562-315-4314,59,51,39,31
680-bmB-638,Randie,Leys,CA,36 Truax Drive,10370-219,209-410-4637,702-703-0956,56,50,50,93
976-5ai-101,Eddy,Spellworth,OH,10 Dawn Alley,54868-2976,330-639-0853,702-540-9307,80,49,42,17
744-RxU-377,Francoise,Laird-Craig,AZ,8 Graedel Road,37000-207,520-759-8538,309-856-9620,85,61,95,21
114-c4u-734,Blakelee,Gladdin,TX,4877 Texas Trail,0268-6196,915-853-5072,812-827-4839,30,71,7,85
800-6s6-938,Dalli,Wesker,OR,85 Mcguire Drive,24385-356,971-813-7701,516-398-1851,31,90,54,33
555-qOp-873,Silvester,Locock,AK,77255 Lighthouse Bay Place,49230-209,907-396-2089,205-758-5130,87,62,6,47
714-Ekw-224,Lishe,Cappel,OK,644 Bowman Park,55312-167,405-747-4271,951-205-0628,96,66,72,49
723-Z1L-832,Doreen,Noell,CA,444 Crowley Court,0615-7532,562-510-0387,860-619-0514,23,47,53,76
309-5QD-704,Ginnifer,Wife,NY,4466 Oak Plaza,57627-121,212-789-3058,408-967-2524,30,99,38,1
765-ob6-759,Albina,Treanor,TX,51755 Anhalt Road,57775-001,972-322-7120,937-602-7680,18,69,31,34
109-bwU-529,Walker,Bjorkan,FL,5741 Hermina Point,0143-2424,754-697-7224,408-262-6733,93,72,76,67
314-UKN-346,Nerti,Muldownie,MO,86011 Tony Pass,0781-2258,816-423-1686,727-946-2822,52,44,13,3
729-9TD-733,Josselyn,Michiel,CA,528 Hintze Plaza,51824-005,650-510-0314,315-910-8927,90,95,72,85
638-5x0-076,Meryl,Tillyer,OR,663 Vahlen Trail,65044-2217,503-392-4069,202-730-0055,8,29,59,26
935-Qr7-401,Joline,Sterling,CA,9906 Evergreen Lane,45802-245,559-664-0339,304-293-9116,62,66,92,63
777-9pA-207,Harman,Jowle,NY,8 Weeping Birch Park,0378-5021,212-728-1025,972-584-6212,7,22,33,69
210-2sL-364,Kilian,Withers,CA,62 New Castle Plaza,67544-250,209-986-1366,813-782-0879,45,88,88,1
508-oP3-078,Kermy,Vivien,CO,78 Di Loreto Terrace,67457-572,719-730-6423,412-622-6965,17,54,35,71
301-3bN-994,Dita,Halfhyde,MI,89 Service Court,60793-604,810-878-6452,619-849-1121,51,52,96,13
153-zgw-196,Hetty,Dulinty,HI,15 Bobwhite Junction,59088-740,808-577-0565,512-356-4639,28,25,5,40
270-3ji-776,Job,Borless,WA,4 Farwell Hill,43319-070,425-911-7509,704-489-6256,65,70,80,60
967-SIF-606,Codie,Chessell,OH,60 Westridge Crossing,51191-3015,614-709-7605,208-813-9641,76,18,45,66
934-mo7-811,Vonnie,Kenelin,WA,37 Warrior Way,59779-807,253-786-0945,775-453-1012,13,51,57,39
635-hb8-576,Xavier,Sergant,HI,94044 Ohio Way,60432-539,808-198-5337,303-749-8136,35,99,94,28
323-v9Y-238,Biddie,Fratczak,LA,24 Myrtle Drive,68788-9843,225-397-3883,612-898-9170,83,39,24,70
089-fah-713,Rochella,Dearl,VA,2635 Jay Parkway,41250-335,540-598-9146,336-988-5854,25,71,23,22
746-aMr-941,Manda,Antoni,MS,80609 Grim Drive,55154-5070,601-196-5251,413-482-2573,25,18,32,95
971-cPg-798,Jilli,Quarlis,WA,86 Saint Paul Alley,57237-013,509-967-8049,915-489-3571,53,37,33,48
355-Bth-817,Lorrayne,Barstowk,TX,7 Melody Center,0054-0450,713-583-4596,909-619-9578,38,59,99,98
716-Wwp-778,Jaye,Dumblton,CA,12739 Wayridge Court,0143-1020,559-188-9799,408-767-6277,33,13,89,18
863-o1E-733,Haskell,Ordish,MD,69 Stang Court,36987-3069,410-419-8486,816-997-8597,69,28,38,49
971-R9o-821,Lois,Abdy,OH,16308 Muir Street,21695-839,419-473-6836,805-597-0543,74,62,87,57
719-3HJ-779,Thatcher,Keoghan,PA,73 Anthes Crossing,10742-1442,484-362-3061,571-477-4175,18,89,54,77
860-dMS-552,Skippie,Markel,DC,57 Artisan Circle,50114-7030,202-636-7705,502-331-3725,48,67,57,49
127-PiL-499,Raynard,McPherson,FL,780 Shelley Point,52959-969,904-245-8813,202-173-5237,88,44,51,76
500-6lW-080,Bent,Arnaldy,CA,72 Coleman Drive,52125-763,714-547-4604,513-424-2577,36,91,30,67
603-QLT-092,Jocelyne,MacKain,IL,9814 David Point,49999-860,217-961-9439,609-147-0155,29,62,62,11
582-hkv-268,Greggory,Bartak,NJ,044 Stang Way,0615-7582,856-732-1986,616-347-4002,6,21,63,24
757-2mG-124,Ruben,Lukins,CA,2137 Jenna Lane,24236-083,209-750-6300,254-413-2157,10,47,41,60
044-K7D-969,Umeko,Wren,VA,91997 Iowa Circle,33261-419,804-138-7001,941-944-5869,6,37,6,74
635-E6g-239,Nettle,Stanluck,TX,4012 Oakridge Junction,0338-1047,210-489-2873,202-599-6881,6,49,48,43
905-YLQ-434,Darice,Raddin,CO,33 Dunning Court,59779-468,720-585-6106,919-789-5813,54,14,22,42
263-lTh-356,Cherry,Reppaport,CA,21 Acker Park,0363-1701,619-228-2789,505-286-1790,7,29,28,46
787-wS1-531,Gianina,Walles,AL,5 South Court,59899-004,334-124-8289,862-384-5058,96,38,6,68
564-LQ1-864,Birch,Cello,IA,07518 Cottonwood Avenue,50474-808,563-280-1177,505-900-7110,78,35,32,36
957-P5r-879,Terrill,Vedeshkin,VA,0933 New Castle Road,10812-383,757-800-2213,302-683-7177,7,60,51,66
335-QUQ-122,Jena,Beament,DC,36 Valley Edge Point,49348-872,202-631-7926,561-890-1865,70,63,11,40
635-2Ap-712,Mendie,Thewles,CA,59 Rowland Circle,60429-370,805-701-1821,734-648-0124,60,78,27,92
652-CJF-626,Pryce,Forbes,TX,0279 Truax Alley,68462-197,214-195-8586,706-522-6857,97,50,19,79
580-0G5-875,Georgy,Mancer,WA,1 Dwight Drive,49288-0846,360-829-6362,508-289-5969,71,28,84,44
946-EaI-401,Kirbie,Stratford,MD,9 Barby Court,49527-709,301-297-6703,605-230-7657,23,82,50,92
929-2UR-514,Bobette,Elfleet,TX,8 Northland Center,55154-3188,915-226-3501,864-173-8420,70,96,33,34
665-MB3-478,Geri,Snowling,NY,5938 Rusk Point,52533-024,914-570-6625,515-897-8152,84,67,74,3
116-B5O-349,Ina,Nare,CA,66 La Follette Terrace,33261-393,562-876-4283,713-660-6591,89,61,49,12
347-Mnk-914,Jonathon,Getty,VA,25 Red Cloud Alley,21695-121,571-177-0292,865-680-8903,70,13,16,3
135-fga-277,Susana,Renvoys,CA,23 Portage Avenue,37205-602,661-834-9709,847-155-5505,42,87,29,86
299-ffL-852,Murdoch,Liver,CA,63 Carpenter Lane,51414-200,562-758-0075,203-430-2867,47,14,72,78
596-2JK-850,Brien,Duddridge,SC,9962 Nobel Crossing,43493-0002,803-619-7306,816-485-1123,30,45,8,14
229-R8x-136,Marina,Wildes,AZ,55 Barnett Hill,51918-1005,602-436-5124,812-823-6437,49,7,2,68
002-NNC-497,Debby,Priditt,CA,13 Lunder Point,49349-850,925-747-4552,610-893-5191,70,59,51,7
229-Mtu-177,Jannelle,Powner,MI,95 Sycamore Place,60429-367,810-237-5932,805-740-2942,23,11,58,12
250-OEB-710,Skippie,Gwyllt,MN,53 Hollow Ridge Point,59741-201,612-101-4161,937-303-3479,52,48,84,27
539-PJY-163,Chelsy,Woodhead,OH,2292 Prairieview Drive,36800-340,937-487-6517,586-305-8800,83,64,66,2
684-781-763,Lira,Moring,TX,8 Goodland Way,10202-852,915-909-9439,412-690-7276,28,92,48,42
474-TuV-714,Traci,Easun,MA,51 Sutherland Pass,17630-2019,508-393-6048,334-121-7803,11,3,47,45
029-4Zh-133,Thomasine,Penddreth,TN,6 Green Ridge Junction,69100-1001,901-717-7066,508-104-9052,84,36,64,83
119-gYL-529,Belvia,Euston,TX,70 8th Alley,68084-289,254-632-3922,816-447-2438,84,60,31,5
097-oKC-082,Tait,Sprasen,IN,543 Elgar Hill,36987-1230,765-501-8166,206-528-9760,6,49,81,58
399-Mvy-750,Chrysler,Lathe,IL,33754 Hazelcrest Plaza,0378-4297,217-957-3123,412-754-0776,4,5,31,63
519-BkU-624,Laird,Brindley,CT,1 Mallory Circle,24488-024,203-421-1201,501-395-7233,76,6,57,38
390-UEj-761,Marylou,Championnet,HI,24198 Mcbride Center,55312-029,808-773-8707,651-343-8623,100,96,28,28
990-SgO-715,Lizbeth,De Vaux,CA,5 Colorado Plaza,59667-0065,626-125-5956,808-806-8403,82,98,10,4
236-ZOj-415,Lark,Downing,TX,15713 Sommers Point,55319-939,254-296-7687,703-286-7365,86,13,3,79
936-Vul-859,Nealon,Greschik,CA,59571 Rockefeller Terrace,54868-5023,619-666-2524,713-825-4312,50,47,21,1
240-fKh-203,Fremont,Schultheiss,OH,480 Autumn Leaf Drive,52544-734,216-542-7547,806-198-5023,49,96,44,96
530-sPz-563,Beverly,Gregore,MA,322 Magdeline Terrace,0409-4332,617-135-1592,915-782-2786,88,8,52,66
954-Z5T-584,Basil,Oldam,CA,3669 Lotheville Avenue,48951-9085,408-205-9330,515-990-0068,27,83,31,96
086-yUb-179,Nerte,Furzer,WV,81443 Melody Circle,68788-9688,304-110-8786,434-193-1101,45,86,10,72
445-JWD-270,Purcell,Biggerdike,TX,648 Rieder Center,76074-122,832-461-9489,913-329-8821,74,4,17,39
160-wEO-999,Allyn,Rubrow,CA,84973 Gerald Lane,51987-0002,209-697-6207,504-685-7896,50,76,68,45
784-yI2-909,Regina,Fownes,OH,489 Magdeline Park,0409-7332,419-366-9985,402-827-4412,50,72,10,49
052-CTn-846,Evita,Nyland,VA,418 Manitowish Way,55289-045,757-623-7559,562-751-2726,63,83,91,35
002-1PM-072,Teddie,Haxley,WI,459 Pearson Road,43063-249,414-530-1332,212-563-7492,67,71,23,86
860-zJv-669,Elspeth,Ganforthe,CA,191 Manufacturers Pass,61601-1196,559-102-9566,205-782-4012,86,85,98,89
676-XdN-178,Dell,Jacox,FL,8308 Hudson Drive,0074-3312,754-705-7167,203-190-8022,98,88,89,91
981-BUo-456,Ellene,Bister,VA,1 International Park,51885-3260,757-182-9903,214-478-4812,54,75,81,1
656-N93-778,Cherie,Paike,TX,2572 Birchwood Alley,66490-041,210-962-5134,917-162-2838,19,95,84,44
307-GnY-047,Hollyanne,Michel,TX,98 Iowa Street,51346-104,432-623-8557,949-429-7010,31,61,40,73
717-h1M-776,Kristopher,Drinkale,MN,4 Browning Center,57955-0242,651-229-2517,518-131-0958,63,22,80,66
157-E2t-461,Danila,Hovard,CA,9703 West Center,55154-2885,650-565-2531,518-973-3334,61,92,86,36
589-EFR-314,Izaak,Van der Velden,TX,71 Loftsgordon Street,0228-2878,979-175-1834,661-593-7490,38,23,53,33
611-Iho-474,Eugine,Perkis,WI,721 Larry Parkway,0363-0608,608-717-5786,646-550-7383,19,52,97,5
439-VRw-660,Galen,Treadger,CA,84735 Nelson Park,55289-582,714-529-8416,202-116-1299,31,17,21,85
214-06h-791,Rahel,Housego,NY,9699 Waubesa Way,49288-0091,917-771-8195,321-513-3494,57,83,80,81
459-w7U-855,Udale,Benza,NY,530 Eastlawn Court,49884-872,718-802-7469,913-393-9717,6,74,3,27
964-hNZ-736,Maryann,MacCosty,IL,3260 Marquette Park,61481-3003,217-874-8997,770-503-2456,46,52,41,12
985-M57-954,Collette,Kenneway,NY,73425 Lyons Avenue,42681-9033,212-539-4099,352-238-0140,33,95,97,16
707-Jbu-188,Prudi,Greig,CA,8 Grayhawk Street,41520-047,916-407-8578,731-565-2424,15,71,79,62
242-Sbs-826,Elston,Spare,GA,11429 Mariners Cove Hill,0132-0333,404-498-9197,774-116-0684,86,64,62,36
240-lHj-554,Axel,Males,LA,8 Forest Run Junction,47242-0061,318-465-9047,704-483-2662,60,45,62,28
309-eoL-795,Ragnar,Rudall,CT,56923 Schmedeman Hill,60505-0130,860-341-3373,813-729-7354,64,7,92,5
689-DB6-494,Jarred,Badman,LA,51945 North Avenue,49781-046,318-960-9801,303-534-9108,39,82,14,19
069-C9p-581,Torrey,Jeacock,TX,715 Fieldstone Drive,49288-0463,936-684-0354,325-881-9233,97,94,62,40
781-7fn-102,Lizzie,Petteford,CA,84153 Doe Crossing Avenue,0378-0433,818-307-8629,720-699-0522,70,32,76,47
546-kgW-232,Sadye,Sleit,NE,91399 Washington Drive,0517-9310,402-440-7014,850-802-2124,17,78,28,3
001-pH2-680,Raffaello,Glader,KS,40 Hagan Court,66116-400,785-942-5885,513-238-4040,64,75,54,2
455-hzP-079,Fee,Dy,VA,644 Melody Circle,49288-0393,202-142-0706,904-752-9743,32,49,92,3
347-IhI-380,Cathyleen,Lasselle,GA,2 Reinke Parkway,49288-0302,229-985-2208,407-737-1428,38,8,92,30
011-X0I-365,Josiah,Peltzer,MD,46384 Schiller Junction,0904-6287,301-670-6417,202-553-6431,34,65,92,33
819-Lzv-582,Caryl,Dohmann,VA,2 High Crossing Hill,68040-705,571-226-7382,206-449-5478,49,47,32,5
402-L22-332,Georgia,Galloway,OH,2 Burrows Avenue,0574-4100,937-855-6379,513-102-7373,23,91,4,58
305-xH9-449,Maurine,Palia,MI,225 Maryland Alley,58414-8960,231-823-6519,765-870-6978,98,34,85,48
589-q6c-438,Grannie,Willimott,IL,4 Lotheville Road,0068-0277,618-857-3509,202-964-6372,93,71,59,95
867-dAM-537,Donni,Karpf,CO,115 Lotheville Parkway,55670-131,303-463-5801,502-131-0136,47,6,24,63
000-ITp-242,Coreen,William,TX,1 Browning Way,48951-8187,806-870-8782,860-138-8558,20,23,68,18
192-Jch-247,Ermina,Falloon,CA,109 Sage Hill,0603-9063,530-405-4236,949-369-9811,2,93,28,46
106-NjK-228,Kipp,Bruntjen,KY,16 Westport Alley,49288-0311,606-651-1295,517-359-3556,91,87,90,86
327-y4P-771,Karilynn,Wemm,KS,29774 Autumn Leaf Lane,10596-337,816-176-5818,239-955-2301,37,96,29,65
964-U81-691,Andeee,Trousdell,MI,0 Hoepker Hill,35356-544,313-292-3101,304-620-2530,88,24,5,84
561-Q0w-622,Hewett,Bearsmore,NJ,0 Dapin Lane,49580-0434,609-771-2623,508-577-9295,63,13,7,83
490-EO6-502,Cari,Dongall,CO,24 Browning Hill,67457-437,720-375-9453,678-639-9105,76,29,78,57
155-KRz-190,Deny,Rushforth,TX,55049 Milwaukee Crossing,68968-3250,713-236-9379,310-391-5863,65,2,4,52
709-mck-564,Glendon,Kolodziej,IL,805 Arapahoe Junction,61387-248,217-925-4871,260-681-2290,9,35,59,57
965-ycR-952,Caspar,Clifford,GA,62 Monterey Way,55154-5371,678-820-1868,754-847-9367,73,60,75,50
352-IqJ-631,Molli,Grigorushkin,OK,3297 Thackeray Alley,14783-253,405-195-8322,402-527-7341,25,31,17,7
026-2W4-095,Boote,Hammatt,TX,2 Rusk Street,10578-004,361-271-3546,763-727-9744,29,100,33,54
738-Qa0-569,Rori,Keson,MN,6482 Pankratz Way,76472-1139,612-953-9142,312-645-0193,47,34,14,17
936-6gL-691,Ricardo,Khan,WV,923 Bartelt Center,68788-9548,304-444-9014,574-839-6865,66,94,21,42
395-O8t-715,Jobyna,Pipe,MA,46 Stuart Place,54868-5817,508-724-3500,816-828-6959,83,56,31,4
515-9lB-452,Dallas,Geertz,MO,2280 Mayer Lane,53808-0401,816-686-0055,314-223-5132,17,78,40,51
237-obR-524,Onofredo,Reymers,GA,3371 Banding Lane,57955-2703,678-334-0944,202-527-0381,80,89,15,24
645-6C6-122,Rebbecca,Betjes,OK,0 Quincy Alley,46122-026,405-763-3500,843-289-3238,37,99,70,85
585-PT7-555,Tiffi,Mion,TX,51817 Oak Plaza,0378-0073,210-260-4188,813-544-7285,57,24,33,20
194-eQo-553,Nina,Argyle,TX,23 Bowman Pass,0884-2993,512-735-4625,432-507-3612,81,72,36,95
145-xPj-521,Aubree,Bau,TN,3581 Fallview Trail,36987-1892,901-844-1479,260-260-6453,89,94,26,15
740-jTF-792,Tiffani,McCulloch,PA,94414 Mesta Hill,0093-0812,814-800-9687,989-631-8641,73,95,4,90
006-uEa-320,Gran,Barwick,FL,0 Loomis Drive,60793-435,239-113-3852,504-964-5846,83,79,79,45
406-3mR-459,Cori,Buckhurst,VA,788 Gina Drive,55154-1813,757-139-8652,702-656-9574,70,12,92,69
784-TbI-751,Moria,Leet,MA,093 Russell Point,55316-041,617-875-1432,323-657-6064,63,100,14,33
489-rvz-858,Ahmad,Tennison,HI,2734 Heath Court,59779-736,808-114-3204,419-406-4625,72,39,75,17
418-DRq-592,Iggie,Yaakov,VA,4545 Doe Crossing Court,43742-0326,804-550-2463,909-821-6749,87,92,32,86
443-Aus-361,Karlyn,Reason,IN,492 Hoepker Junction,63187-010,260-956-4173,504-851-9254,34,35,81,33
008-y0G-813,Samson,Deners,NC,93237 Red Cloud Street,54458-944,704-458-3440,419-818-4498,39,53,46,28
181-w9x-795,Denice,Beamiss,NV,54684 Vahlen Lane,0173-0752,702-721-4928,323-914-1341,5,95,30,45
747-fvV-907,Ive,Meadowcroft,IA,91120 Manufacturers Trail,43742-0488,515-125-2739,302-824-5572,90,85,7,84
188-YVn-097,Basia,Linnell,TN,3 Arizona Drive,51346-132,615-193-6214,570-918-3433,82,2,22,72
669-t1h-531,Berty,Follos,WV,99282 Bellgrove Place,55714-2262,304-688-0050,303-504-9394,66,6,12,68
380-hfT-219,Dwayne,Keenor,AZ,27169 Huxley Crossing,16252-525,480-159-0964,626-108-7094,69,97,38,76
176-MyK-467,Itch,Medd,FL,74 Holmberg Trail,36987-2911,239-199-5556,502-611-1428,63,12,75,48
294-eDr-209,Jobie,Arnfield,GA,7 Debs Alley,62713-911,706-830-8911,817-371-6828,28,60,83,79
299-JgM-132,Warner,Assard,NY,21 Maple Road,36987-1514,718-405-5501,404-773-1470,88,46,90,87
985-KN3-278,Glenn,O'Lunny,VA,02 8th Hill,42507-428,804-543-6392,339-300-4167,22,42,76,81
728-GrQ-833,Alvan,Ivins,NY,4 Debra Pass,51206-201,585-329-4914,714-923-2929,96,80,1,47
014-HXn-657,Jorie,Shergold,VA,015 Center Lane,41268-588,804-475-1665,267-750-3306,37,89,41,85
887-ETO-311,Lori,Yallowley,OH,6607 Holy Cross Terrace,59779-866,330-334-5036,214-449-4347,80,57,50,67
331-2XR-553,Jefferey,Jervis,NV,33 Dunning Street,37000-555,775-170-0658,785-630-1213,12,21,47,48
369-bWe-985,Kylynn,Attow,NM,057 Weeping Birch Crossing,37000-780,505-697-4619,626-658-7053,76,80,75,30
608-mLz-873,Meredithe,Mongan,CA,5458 Hooker Hill,51143-439,661-947-5708,941-183-9137,68,11,23,16
192-qYR-468,Olivette,McKeller,MO,91 Almo Crossing,48951-8145,314-901-9023,313-469-5501,67,48,33,60
223-mCH-373,Adriaens,McLanaghan,IA,98815 Sunnyside Road,68151-4223,319-379-7362,202-287-1235,4,28,73,95
493-LgH-303,Murdock,Rowley,PA,736 Continental Crossing,60429-700,412-206-1536,718-274-0328,68,12,19,41
330-0kr-519,Adelbert,Dunkley,FL,441 Lukken Circle,55154-5877,727-576-1387,267-780-3714,97,96,84,78
934-N2X-650,Gustav,Ziemsen,CA,2371 Rieder Park,49281-545,562-199-7503,757-804-4205,73,77,24,62
486-mec-320,Giacomo,Morfield,FL,0586 Leroy Center,0078-0409,786-664-0195,202-556-3060,3,66,14,87
695-P2H-730,Sigismundo,Olek,CA,1034 Vahlen Pass,68382-224,909-766-7617,614-928-4364,24,90,93,19
482-qU7-809,Damiano,Koubu,VA,0382 Waxwing Lane,53808-0310,804-123-7336,208-808-5721,39,39,85,58
373-KTZ-153,Cheston,Malmar,DC,68 Ohio Point,62856-832,202-473-3085,517-944-1791,79,62,68,56
284-Y9J-301,Georgeanna,Carleman,CA,891 Dunning Circle,49643-016,213-608-0385,574-976-5554,31,98,70,56
100-yHS-226,Crystal,Shovell,TX,34387 Mccormick Terrace,30142-441,817-995-4706,646-225-8972,87,47,57,83
785-vc5-700,Nelia,Carbry,AL,86267 Pepper Wood Point,0113-0130,205-694-1290,484-380-4059,25,87,8,57
121-1RJ-534,Lammond,Occleshaw,TX,5 Hansons Center,24385-518,806-486-6226,216-711-1662,6,51,60,79
475-GJD-176,Dorthy,Schulze,TX,55 Towne Pass,51143-541,361-394-2822,915-621-7818,29,56,30,79
565-JE6-148,Amelina,Mynard,NY,09330 Messerschmidt Road,16729-228,212-931-2079,304-809-8894,68,100,20,58
124-ZNZ-920,Glenden,Tatlow,VA,95 Kennedy Trail,61957-0007,804-348-2600,281-666-9216,92,33,50,21
161-XR7-734,Brittney,Bortoluzzi,SD,00255 John Wall Center,48951-1035,605-171-4473,561-415-2619,97,3,95,56
123-m9J-349,Antonin,Sadat,KS,117 Delaware Terrace,55289-599,785-803-6982,503-720-5054,9,65,67,23
200-K9j-311,Amelie,Martelet,OK,38148 Morningstar Street,49288-0098,918-332-5824,408-318-8180,16,53,44,55
662-Mno-067,Renato,Bassingham,FL,637 Village Hill,67253-903,386-974-5246,754-574-5728,56,48,8,99
230-m4Y-831,Alexi,Lannen,IN,1014 Claremont Avenue,0067-6266,812-977-7594,330-815-6801,25,2,76,83
946-pVB-566,Rennie,Ferrer,CA,4 Columbus Terrace,54868-4876,408-137-6745,915-292-9807,57,21,81,3
561-UyQ-243,Niki,Pollendine,NY,1 Springview Court,50991-578,212-474-4039,626-602-3257,38,16,76,13
581-Txd-315,Kendre,Etter,GA,7963 Browning Lane,43742-0103,404-877-5841,612-392-9284,24,5,79,1
584-zF0-857,Ashla,Illsley,IL,2 Linden Pass,54868-0034,312-987-2666,718-426-2995,41,43,41,17
927-IR5-908,Daven,Tremathick,CA,28303 Spohn Crossing,64778-0244,858-320-6847,914-373-0872,55,60,94,70
017-GZE-080,Clementine,Desporte,HI,6 Tony Terrace,63629-5256,808-337-6223,646-474-8789,30,20,25,62
180-dAT-365,Juana,Donneely,DC,2465 Hermina Place,66530-259,202-731-0161,916-581-0080,69,65,12,99
137-y6o-874,Shaina,Marcoolyn,CO,03323 Northridge Trail,65044-6585,303-984-4990,503-534-6359,85,20,31,42
617-d1s-973,Bel,Cappell,KY,4144 Summerview Road,46084-041,502-240-6900,937-507-6261,54,67,90,68
159-nMl-549,Antone,Yantsev,FL,6908 Dryden Junction,53808-0911,305-755-9890,812-436-8559,58,7,4,57
092-7DR-842,Deck,Romi,IN,860 Grayhawk Street,57627-154,765-346-6473,702-185-0483,20,99,16,11
845-WdN-047,Sheeree,Revey,CA,5978 Pepper Wood Circle,10019-906,559-671-7229,917-530-3903,43,56,76,71
054-KRk-236,Waylon,Stockin,WV,65 Knutson Lane,62242-010,304-308-3434,515-784-9816,58,17,85,25
281-Sqd-027,Jasen,Clementson,NV,09930 Stoughton Trail,58411-105,702-822-1428,754-153-5823,14,60,100,20
229-S7S-783,Zia,Griggs,IL,47058 Magdeline Crossing,50436-9987,630-401-9922,714-647-4332,99,66,82,80
166-fnh-351,Leone,Bawcock,CA,6245 Moose Junction,68258-7160,805-555-1874,512-941-3139,24,83,60,82
082-6s1-760,Waring,Stone,CA,361 Rutledge Plaza,0378-0460,408-338-8326,212-323-4001,58,3,87,44
117-Jwe-119,Ario,Bea,PA,30430 Esker Point,41163-679,724-433-1136,618-898-4325,96,67,82,58
210-y7x-112,Hart,Cavalier,CO,5 Oakridge Court,63255-021,303-994-9803,910-984-4088,39,99,95,76
240-7K9-152,Rowe,Weatherhogg,VA,589 Arrowood Hill,0172-4357,703-840-7364,716-613-2560,3,36,73,96
615-nSP-426,Meyer,Constantinou,FL,6 Sunbrook Alley,41250-010,941-670-5578,515-275-6876,4,31,61,86
814-3wF-991,Rodina,Macauley,NC,65 Sundown Drive,76472-1145,704-686-8362,806-595-4184,20,34,73,59
033-dm6-552,Danny,Hissie,TX,66 Nancy Center,52343-028,915-207-4523,918-868-6399,64,14,35,21
798-lmE-680,Sheffie,Shipway,KY,6302 Union Park,35356-498,502-107-9665,260-824-5769,65,46,10,73
644-V2v-897,Maud,Odhams,DC,7795 Rowland Road,54868-2908,202-185-8051,212-234-5949,9,1,46,60
447-aKo-583,Jaimie,Peirpoint,PA,83956 Loftsgordon Court,0904-5047,412-833-1743,941-907-6294,44,25,97,51
774-gfv-228,Pooh,Leverington,VA,6 Valley Edge Trail,49349-064,540-130-8105,210-571-0712,28,22,71,33
394-hsl-367,Phillie,Linnock,CA,177 Rieder Place,68828-131,714-984-5204,479-413-6436,47,29,70,25
712-fx9-827,Roman,Tinson,TX,66561 John Wall Lane,0409-3814,832-779-4180,309-617-2166,10,33,38,43
216-FDs-715,Yovonnda,Folks,MI,6 Mitchell Center,54868-5576,616-615-1304,515-447-9447,4,93,66,39
775-AfS-748,Babita,Shelliday,NY,4 Pond Place,58930-061,518-693-2155,214-153-5233,61,99,64,93
737-0sb-959,Prentice,Ashtonhurst,IN,26245 Russell Road,68472-083,260-185-0587,512-974-6709,39,26,85,57
563-pUZ-825,Jobye,Harbottle,CA,9178 Schmedeman Road,0487-0201,805-701-6250,202-273-6860,77,62,69,43
894-o0B-838,Forrester,Carlisi,VA,3 East Center,13537-216,757-837-6457,314-309-0443,50,35,99,100
976-HmB-732,Myrta,Quiddihy,CA,67 Pennsylvania Trail,57520-0179,213-458-0669,314-134-9441,1,91,69,40
744-snD-113,Darla,Buesden,NY,252 Morrow Drive,10544-271,716-886-0346,217-713-0096,85,20,61,57
771-FwH-048,Mano,Niave,CA,42 Longview Plaza,13537-335,916-214-2253,251-280-2528,50,26,29,23
689-aws-559,Kayle,Urwen,CA,5858 Morning Road,52125-032,559-226-8136,915-269-0204,5,41,96,42
443-vas-631,Lucille,Lenney,VA,5 Browning Plaza,68828-168,757-106-1010,334-251-8149,21,63,67,48
309-vEU-010,Ronni,Ilden,NY,91721 Rusk Place,51079-941,718-467-3137,916-271-8859,99,76,88,49
566-F1S-655,Querida,Wallicker,PA,122 Dwight Alley,49304-0019,215-812-9094,859-304-7652,92,68,95,81
389-HdW-399,Dannie,Szanto,MN,739 Beilfuss Plaza,16729-116,952-654-0986,360-850-9578,47,64,22,49
762-085-724,Lennie,Meale,WV,3 Melby Way,63739-567,304-159-1665,954-503-4109,12,21,18,33
323-Ap4-304,Vergil,Bounde,DC,975 Sutteridge Terrace,51655-125,202-606-9426,706-390-3138,95,25,50,74
882-EwL-522,Kipper,Ianiello,CO,6 Grover Court,61504-030,303-164-7813,773-871-8611,22,47,47,66
960-tYa-684,Amalle,Balaizot,GA,3 Johnson Place,54868-5424,404-170-2213,214-489-7140,31,71,44,91
746-kxc-670,Andy,Pickerin,TX,555 Waxwing Lane,49738-558,817-956-1276,309-819-3368,88,16,10,94
165-99w-877,Lucien,Pimblott,WI,8 Lillian Hill,48951-5021,608-880-6898,202-417-0210,96,90,46,2
714-pLJ-449,Lonnard,Frye,TX,1226 Summerview Plaza,49643-347,713-890-9510,850-575-0117,34,65,60,2
437-QV9-042,Hillel,Andrioli,LA,56 Bunting Center,43353-536,504-160-0140,405-162-2333,25,37,8,34
472-shu-731,Brig,Fessler,FL,2 Eggendart Terrace,54622-698,786-846-6816,903-752-5674,32,98,46,28
304-MLK-686,Kellyann,Mobberley,WA,53941 Spaight Place,59779-210,253-366-8706,713-727-8729,65,66,75,23
798-TY1-259,Griffie,Shoesmith,CA,4 Oak Valley Court,52125-059,702-829-8966,501-871-1147,85,40,54,79
306-kln-423,Gabi,Merdew,WI,5178 Washington Alley,68428-153,414-418-8909,806-884-9146,78,94,21,61
671-KsJ-863,Edward,Prew,VA,15848 Fulton Avenue,0363-0635,540-660-6388,309-349-7148,26,68,35,1
550-7Je-727,Randolf,Highman,GA,511 Dunning Lane,51346-080,404-495-2840,314-863-3491,5,23,85,52
619-g5S-162,Gabbie,Daugherty,MI,40421 Beilfuss Plaza,0135-0462,313-801-5391,215-301-3747,23,4,71,81
611-EFo-679,Dukey,Burgise,AL,77539 Longview Street,67777-214,205-424-5497,859-801-6640,1,12,41,49
187-bL3-435,Keith,Titterington,FL,082 Maple Hill,54473-242,407-788-9012,206-923-3358,71,32,96,88
280-TgJ-543,Madison,Torald,VA,6157 Delaware Terrace,21695-091,571-795-5404,206-208-7101,89,5,55,89
481-4jw-834,Tobiah,Scandrett,VA,21 1st Drive,63304-549,804-195-7328,336-485-1612,50,86,95,19
866-wTf-667,Johnathan,Povele,IA,50 Pleasure Center,64942-1310,319-289-4435,214-658-6275,87,6,12,73
317-0py-709,Druci,Emlin,DE,4681 Monument Terrace,16590-246,302-596-0407,915-231-5805,90,86,83,67
688-2X9-191,Darb,Bollom,TX,02859 Daystar Terrace,37205-629,432-444-5469,936-973-9349,44,6,82,12
295-Nd8-105,Boonie,Bolan,DC,0207 American Point,68169-4058,202-172-8364,213-423-8209,26,26,2,25
612-gRm-766,Birgitta,Heaseman,TX,03028 Amoth Hill,42254-137,210-486-3049,216-994-0281,21,20,77,38
986-Xo8-069,Renato,Leishman,MO,5 Gateway Trail,0135-0505,816-682-4060,559-887-0151,53,35,92,66
446-xXF-145,Mariann,MacGragh,FL,00 Colorado Street,55312-358,561-963-2379,404-765-7562,98,40,21,47
045-kkn-952,Faydra,Lyford,UT,714 Hazelcrest Lane,25021-119,801-515-1010,915-856-2272,27,33,10,53
112-5jc-599,Chalmers,Braga,TX,125 Lindbergh Park,55154-3329,254-485-9452,314-219-0888,70,76,31,20
827-ckP-171,Dennison,Askwith,ID,636 Miller Pass,55111-165,208-413-2788,919-995-3724,4,92,93,95
840-3sF-894,Wood,Spofford,MA,4499 Village Green Alley,49781-021,774-127-9362,503-716-0828,40,7,74,52
219-xfS-455,Clem,Henningham,LA,81221 Clyde Gallagher Court,0268-0861,504-263-8039,602-923-9605,52,39,73,54
625-1to-419,Natalie,Cheney,CA,09 Fairfield Point,57955-0134,760-526-9366,619-965-8755,72,82,89,30
122-oQi-453,Karolina,Fairburne,FL,899 Dunning Parkway,68382-339,813-487-7868,402-223-4463,46,13,92,26
346-7Ip-552,Ruprecht,Clingan,NY,0 Derek Lane,0574-0292,518-524-2057,816-256-0565,51,44,50,21
926-vFE-099,Ailey,Walden,CO,8979 Stoughton Alley,49288-0261,719-909-8332,646-126-2850,72,90,30,43
505-ySi-832,Genia,McGruar,TX,5411 Butternut Parkway,36987-2436,832-139-9791,402-792-4925,16,88,33,85
970-zVL-816,Archie,Barby,NC,7 Harbort Junction,60681-6301,919-375-7556,212-906-4714,53,87,72,98
333-N6U-352,Ginnie,Bevis,MN,3 Ramsey Park,59528-4456,612-700-6710,312-304-5514,22,51,90,66
676-e9V-961,Emlyn,Tregunna,AL,078 Messerschmidt Parkway,0378-2520,334-359-9192,585-456-6311,64,95,43,24
020-6bG-013,Nola,Ogle,OH,5154 Upham Park,57955-0126,513-439-8574,520-239-8245,53,91,5,40
654-smc-616,Essie,Toten,CT,30 Gulseth Terrace,36987-1193,860-950-1803,903-322-6616,5,99,96,22
328-ixA-938,Bob,Calwell,TX,54 Manufacturers Point,0268-0174,361-945-1534,215-561-3853,63,43,31,69
401-BZW-591,Damien,Biddleston,TX,98 Lighthouse Bay Hill,63739-523,972-717-6141,510-572-7667,27,32,98,59
229-5mI-317,Auroora,Marie,PA,505 Atwood Place,36987-3095,717-731-3689,240-462-1532,59,13,62,20
831-qj1-933,Henrie,Dollen,CA,64 Blue Bill Park Plaza,65862-595,213-458-4462,617-560-6985,80,27,3,23
725-imc-620,Audrye,Warsop,PA,52 Park Meadow Point,54868-4534,412-668-5426,919-778-2814,77,75,57,1
307-dOI-277,Jaquith,Yegorkov,DC,393 Esker Center,49999-602,202-673-0622,316-268-8089,94,51,2,20
313-DMm-345,Viviyan,Haighton,CA,08 Delladonna Parkway,54458-896,650-714-1313,214-841-1592,36,41,34,53
736-PBL-608,Loraine,Firminger,HI,225 Bonner Court,21130-218,808-127-1356,813-237-2818,5,57,30,86
908-DOn-690,Arch,Daffey,MS,2990 John Wall Place,24208-780,601-894-5967,760-393-9221,90,15,79,2
518-Yp5-583,Julie,Girardet,UT,517 Morning Road,54868-3050,801-125-7514,773-411-8754,89,38,37,5
650-fWB-111,Orelee,Key,LA,77 Boyd Parkway,36987-1921,318-584-8268,469-809-4716,16,81,89,86
367-TFS-158,Bessy,Diess,PA,95103 Forest Circle,28107-002,412-300-9935,915-386-5759,22,14,11,39
654-7Qf-360,Barton,Fury,NV,77225 Tony Pass,0703-0110,775-110-8968,763-241-7754,17,83,54,27
234-uWG-260,Flossie,Prater,TX,00734 Sachs Way,52125-536,210-515-6868,682-294-0605,94,48,99,90
805-3eo-409,Margot,Hutfield,TX,274 Redwing Circle,62756-555,210-439-7653,602-431-0013,48,68,44,84
845-oBR-659,Lynn,Asp,VA,44 Kipling Lane,41520-358,434-877-0461,864-969-3616,36,89,21,40
336-wng-510,Allina,Tzuker,CA,6 Waywood Way,62175-490,925-480-6738,801-212-3673,36,56,8,44
538-5s9-673,Elisabetta,Bethell,CT,1427 Talisman Hill,58232-0333,203-624-7983,804-935-9232,25,25,60,9
244-OCU-253,Blinni,Dominiak,MD,8683 Meadow Vale Parkway,41163-263,443-766-3447,318-615-6110,32,74,98,29
206-dJQ-705,Hervey,Dyne,CA,42421 Cardinal Lane,68387-456,818-864-9001,210-183-0416,97,31,48,70
614-WLV-550,Bridie,Hambleton,IN,562 Valley Edge Way,0115-1332,765-869-2674,571-714-1469,36,92,8,2
752-oju-052,Isidro,Fenby,OK,95 Charing Cross Crossing,0168-0058,405-677-1271,901-320-7130,94,14,83,67
933-aDd-587,Barret,Coger,IA,308 Graceland Alley,48951-5062,319-473-0894,304-542-9038,89,91,24,16
083-3PW-531,Jemmie,Heild,OH,3282 Colorado Center,0363-9040,513-505-2589,907-153-4302,42,66,15,86
593-AsW-911,Arte,Del Monte,NE,856 Westend Lane,58232-0042,402-213-2346,304-951-4355,18,40,98,53
