last_name,first_name,cell,home,account#,score
Shirt,Carolan,405-105-1278,616-505-2654,084-CCK-568,2650
Farlam,Penny,615-246-6516,714-141-1393,175-IUr-473,-1120
Lowdwell,Karyl,801-134-8037,479-658-4154,220-vhL-125,3600
Alfonso,Lane,281-352-8837,316-182-9789,233-oZ7-979,10930
Rowcastle,Hewet,907-720-6473,806-620-5323,810-DtF-207,-3310
Berth,Filbert,915-241-1418,202-471-9956,775-HFQ-020,3100
Hogben,Sibilla,309-992-4893,361-485-7841,467-Fic-745,-2400
Simony,Trevor,559-511-1237,313-155-6388,792-H4R-754,5670
Farrow,Neille,609-327-6553,417-236-8186,400-zjW-676,12380
Saphin,Margy,205-827-0402,414-971-1010,970-hhA-182,9080
Neissen,Dory,864-851-8356,402-686-3458,263-zcf-571,6020
Ramel,Rodolph,361-216-2342,239-864-9220,546-TRB-664,11140
Coucher,Jule,410-141-6690,318-101-7682,050-vUF-729,5160
Guppy,Corenda,314-371-2536,850-258-3230,775-03V-360,15040
Bruyett,Albina,801-312-7851,260-783-6848,386-ZBR-310,7580
Wozencraft,Cirillo,305-644-6683,302-968-5293,081-cQW-528,9070
Goldsby,Odette,414-157-6398,704-354-4114,876-Shb-514,6710
Hubbocks,Dieter,972-304-3990,260-435-6427,897-Fq5-933,5230
Gates,Shannan,206-431-1895,402-854-5340,628-g7b-388,14220
Moquin,Pincus,214-239-0869,425-980-1951,127-LhP-742,-1070
Clark,Reagan,509-549-0238,202-530-1917,979-BzV-231,6010
Senescall,Ethan,806-830-4222,512-622-7970,587-s8t-281,7540
Kalinke,Aldis,505-672-6232,212-931-2854,636-c64-862,12620
Puckey,Eldin,319-317-1027,917-999-9008,089-xjL-552,-1190
Perrins,Othello,561-875-2352,303-953-4721,335-UOx-118,9440
Olle,Kingston,949-932-3870,515-630-5110,173-Ea9-210,13980
Prinne,Zedekiah,214-567-5896,916-341-1316,435-v5H-167,9300
Emloch,Saraann,253-362-7244,318-164-2825,007-Vjq-810,8210
Puncher,Libbi,808-682-3567,210-358-3868,828-9jv-160,8780
Piffe,Berry,912-937-2077,361-201-8658,894-pyS-463,9830
Pattingson,Dolores,806-710-4661,912-351-2920,626-eFP-020,-3680
O'Gaven,Noland,857-125-4098,904-367-2149,147-52O-545,4900
Blacklock,Dallis,302-959-9458,210-439-6689,631-zH2-649,-960
Domone,Jolynn,517-533-1281,916-837-1379,590-8z3-837,8460
Asty,Titus,903-415-3875,334-660-3995,744-Cok-766,8520
Whitrod,Wolfie,301-689-0440,571-789-1068,506-1Sd-060,6490
Atlay,Miof mela,412-394-2395,717-922-5788,960-G3p-548,7230
Braime,Chaddy,901-858-5985,207-454-9077,158-6Em-223,11050
Chesterman,Doralyn,312-901-3795,808-360-7667,491-8yE-809,9600
Leathley,Kelcie,205-133-0399,941-833-5221,551-UHS-500,6220
Lindegard,Emmy,917-231-3264,562-252-9812,695-ncA-188,4360
Muspratt,Rasla,404-158-8303,217-384-7605,612-E0y-802,-4910
Chevalier,Aili,704-709-9810,510-708-5304,647-BgJ-678,6770
Fadden,Bogart,574-459-5702,316-666-8420,532-js3-006,300
Dolman,Carlo,281-526-4586,828-869-5109,605-8Vo-126,4830
Botwood,Janifer,816-952-0801,813-794-7301,315-EoD-271,7200
Fransewich,Rustin,512-834-6256,989-528-0287,259-Vks-192,7320
Rutt,Caryn,801-970-1664,304-337-1073,769-2CK-906,4550
Brevetor,Derry,443-803-2003,202-658-7995,110-sth-752,5160
Gwillyam,Linnet,561-924-4982,615-684-4219,003-tHN-200,10480
Grevatt,Garik,318-294-7822,901-609-9338,363-xQ7-279,8110
Trenear,Ancell,719-287-2943,213-836-0493,141-lBZ-284,3290
de Zamora,Ebony,202-420-0732,202-858-0378,924-QNK-678,2210
Snugg,Waverley,561-472-8983,605-685-1059,797-gPz-694,-1750
Witherop,Con,513-734-7359,719-829-0866,415-CoC-491,18250
Ugoletti,Nadeen,202-707-2869,916-214-7477,146-I1m-559,15230
Ritelli,Claresta,863-142-3597,202-790-5790,618-M5N-829,9120
Dockrell,Adriana,915-327-0558,502-765-0077,409-pcm-120,9950
Gallyon,Alena,985-195-8392,562-931-7287,401-8k2-817,-1410
Jorck,Alma,915-956-4967,616-916-5213,312-Q9H-737,4150
Fitchell,Sascha,915-584-4878,512-870-4583,350-Tr1-068,4130
Erie,Vernice,318-307-2642,301-336-2800,112-Ifz-947,6190
D'Elias,Elsey,323-267-6624,281-424-0773,972-L9C-352,5870
Pitrollo,Maurine,918-486-2953,918-318-5280,642-ZzV-493,-3030
Deener,Harwell,540-783-0400,919-392-0097,622-MkW-188,11670
Heffron,Annissa,415-698-2088,915-593-7843,104-dUy-759,890
Zukerman,Marius,916-660-2863,318-835-2533,597-Xpg-299,3140
Leftridge,Archer,205-514-5749,704-120-8171,203-uhe-524,5400
McEvay,Marven,267-829-0540,202-905-5675,840-w0s-305,4850
Puttick,Tallou,601-413-3728,941-672-3021,957-3jx-210,15810
Hue,Salome,571-783-1328,702-351-4792,852-MnU-551,-2650
Rookes,Aymer,978-512-2972,915-215-5235,804-etY-575,17440
Dallyn,Hadria,402-589-3607,865-213-2976,140-BxO-137,6430
Revell,Carroll,205-100-6231,972-566-9304,917-pDK-009,6970
Scotson,Maisie,510-296-2272,913-302-7151,416-D1g-593,6770
Deas,Arabelle,850-366-2436,754-107-7526,677-iFY-535,9950
Aspland,Ellette,571-411-3655,571-483-2825,617-EAO-248,7090
Avent,Bride,513-436-0173,602-154-6134,035-M6s-754,13330
Batcheldor,Aubrette,804-652-7191,515-837-5603,702-zz9-910,-3340
Cansdill,Dick,615-808-1060,940-155-2449,645-4wA-408,-2530
Hauxwell,Fara,917-498-6243,415-469-2194,361-N6p-784,16010
Huguenet,Laughton,805-284-2105,614-708-9833,317-CGg-467,8560
Ahlin,Turner,718-569-5775,518-755-7388,471-vxa-122,7180
Balderstone,Ellyn,573-827-5595,979-539-5390,106-Dxd-734,2110
Adamowitz,Garth,720-185-5948,801-585-0560,904-wvr-126,18670
Arnason,Rufus,914-492-3398,530-773-1352,355-eBk-065,3740
Ramas,Jerry,937-321-6556,313-515-1653,998-zQI-358,-1290
Jewiss,Hagan,520-676-6033,949-509-3880,725-pJ8-771,12320
Tubb,Frank,714-943-9027,516-474-6058,290-XqB-543,1640
Oliphard,Brynn,850-854-5166,727-540-1851,680-2zF-842,-1500
Hannis,Lulu,518-727-3008,530-260-0548,787-G2k-347,6210
Jessep,Lenore,717-110-1820,334-542-7706,426-mfC-901,3170
McGrath,Culver,325-161-3235,515-204-2142,225-04K-602,6300
McMenamin,Reinhold,318-877-8544,804-321-1442,477-4q4-029,15780
Copson,Loella,678-263-1419,720-570-5226,498-NxZ-933,4400
Aseef,Alasdair,386-564-2651,315-836-7694,335-BVG-380,13320
Oxtiby,Clementius,952-601-0935,303-842-7792,715-vHS-873,12000
Throssell,Archibold,918-712-6078,913-115-8829,409-7Y4-462,11350
Daw,Euphemia,862-963-6480,202-631-6424,941-UTO-278,-5830
Davidovitch,Osborn,916-762-6291,253-964-7285,728-6gu-887,-4780
Brabbins,Jdavie,831-794-9406,202-982-1280,275-TcN-025,5400
Lofts,Shaun,972-824-8322,505-920-3802,606-BR2-044,-4710
Bamell,Patten,408-818-5074,209-540-0683,281-nN4-995,2610
Greening,Jocko,585-815-4467,619-528-8057,231-XPk-718,660
Antoinet,Zara,212-770-9272,208-877-0853,829-jTw-702,-6550
Gibke,Marita,914-742-1930,240-235-3184,947-cSn-304,3540
Chansonnau,Winonah,502-849-5379,352-949-3834,792-vhz-325,1490
Garnson,Ailbert,760-867-0289,503-636-0935,743-U78-580,6070
Herreran,Kayle,202-610-6210,405-356-8385,629-Pfk-473,5020
Feary,Jacinta,862-833-3876,804-862-3333,555-r07-966,2500
Filippyev,Stu,727-571-6775,480-844-5648,862-4ln-513,14280
Berthelet,Sibel,817-581-0271,952-635-6027,330-yrC-124,2560
Sign,Francyne,213-511-6847,520-425-2669,389-kkE-473,7160
Read,Ainsley,832-167-5870,908-417-0717,620-ny7-133,13210
Kennally,Aldous,719-891-4584,541-200-9562,070-sGt-503,1550
Statton,Abagael,570-788-5964,817-875-9686,863-EP9-930,10670
Digwood,Marris,360-960-7425,505-514-0994,439-06D-275,-1220
Drysdall,Vic,606-687-3573,504-901-7448,675-JdG-363,7380
Lemasney,Brynne,404-553-4702,404-838-8846,557-vST-033,1870
Brackstone,Minnie,312-549-7732,518-997-3729,711-3fw-655,1270
Gethins,Leann,214-930-4233,770-205-7203,536-zN0-592,12680
Rosenshine,Conway,301-186-6172,202-109-2850,939-Q7f-277,7670
MacPike,Sabrina,410-428-4150,612-104-6634,554-aO0-996,250
Piatti,Kayla,912-675-0067,716-663-3226,711-ky7-358,-7470
Saterweyte,Othelia,915-857-8156,202-919-6341,080-2RM-154,5260
Van Ross,Reggie,850-288-1837,719-180-2326,505-eVi-883,10000
Latan,Boote,806-130-6255,316-205-8077,911-1Gg-411,3390
Hundey,Heidie,704-246-8626,540-208-3078,170-EJY-526,2470
Grinikhin,Dahlia,217-442-2727,209-204-0582,251-5Pf-797,12510
Applin,Graham,601-701-7524,971-780-7239,319-a8F-752,7200
Stanislaw,Lem,617-586-7813,915-628-1109,178-iNa-699,8610
Girardet,Marice,773-110-8784,336-757-4908,427-i3m-471,4810
Goatcher,Dara,413-330-9550,254-214-0262,146-Ddk-190,8280
Rassmann,Jasmine,540-669-4275,682-293-7539,628-0en-816,80
Jull,Lamont,601-211-9962,360-360-1504,615-2yr-334,7850
Laminman,Miles,910-678-9080,770-204-0024,713-kLQ-129,860
Gibbs,Maddi,515-298-5546,915-381-8015,050-CQn-361,-1190
Shottin,Lucinda,317-163-7785,248-558-9622,837-aib-425,6470
Bore,Cobbie,323-231-2286,702-113-2787,642-ScE-539,8410
Blasiak,Melamie,305-258-6333,202-497-2205,661-pAy-037,4280
Warbys,Isiahi,518-229-0139,608-561-5012,331-75G-668,6430
Davidde,Roshelle,901-228-6727,812-860-3971,796-JSM-860,-3180
Pynn,Tiffy,561-116-8330,650-857-7576,185-SEL-166,4680
Matthews,Arthur,303-460-3907,404-382-2992,216-PZC-162,3510
Alekseicik,Chaddy,706-282-4683,864-319-1812,606-m47-825,-2300
Garvagh,Louise,347-924-1644,251-504-0998,907-ldS-883,2790
Golton,Steffi,626-172-2204,817-452-1495,964-ARs-887,11360
Gronou,Mandi,814-586-1203,952-869-6893,333-qRF-847,5620
Rayworth,Trev,209-574-9277,801-964-2109,743-jO8-214,11430
Inglesfield,Kiri,352-175-8245,303-303-7546,731-G3u-687,2230
Tarburn,Randi,813-581-6143,914-208-0596,519-alh-969,11140
Bohman,Yevette,916-315-9104,407-509-0568,115-gpe-602,8090
Thynne,Gilemette,414-762-7831,630-463-8872,183-CEr-355,450
MacAne,Laina,419-658-7990,210-123-3292,606-NOo-927,11490
Rawson,Tate,937-105-0284,208-512-0934,527-jYN-316,9630
Mewis,Caressa,785-396-3340,501-648-4192,338-LgY-499,730
Roughan,Nollie,404-928-0107,518-643-6593,392-X4R-078,9870
De Biasio,Starlin,626-793-6066,443-638-8349,473-v77-663,6200
Phethean,Bethina,330-700-6613,281-489-7291,406-Oqh-703,5170
Drillingcourt,Reed,423-802-7127,772-696-5167,353-r41-111,7690
McCaighey,Ebba,518-833-3432,817-440-8872,208-bS6-317,6910
Barnwill,Corri,410-327-8352,409-617-6136,543-dvg-175,5370
Attreed,Farlee,520-497-2396,210-169-9087,221-Q1u-721,4200
Bondar,Orv,260-221-3364,309-825-5715,887-WEK-723,5290
Ginner,Humphrey,919-913-9132,512-891-8270,664-UpK-348,16520
Dorrance,Carmel,918-235-1229,858-211-4572,574-1hi-397,5810
Crippell,Barbara-anne,503-137-2034,314-303-4682,303-kKx-686,6320
Wank,Waly,608-318-6451,912-491-9937,451-aQ4-838,9990
Catford,Terry,513-304-1011,215-336-8070,190-UoH-248,2700
Stellin,Ludvig,309-440-2509,509-604-4847,383-h3A-592,7280
Oglesbee,Connie,408-797-5544,718-583-9393,888-6ht-381,9150
Balcers,Tuck,850-594-0047,785-221-7886,492-RA0-147,8820
Dowding,Penny,336-426-5999,609-639-8077,920-LZu-355,11450
Allkins,Charmain,508-187-1384,571-389-9013,077-dnH-170,4340
Giraldez,Cecile,641-322-8883,513-717-5327,639-7TH-072,11350
Mayne,Agosto,863-295-6426,610-159-6401,853-Zsg-996,14570
Naughton,Witty,815-919-9786,330-808-6674,354-U7u-670,8220
Pinchback,Doris,619-746-2445,212-410-5882,257-NhA-566,7580
Gayden,Janet,480-361-4162,209-490-5893,927-FQ9-473,9520
Mawd,Reginauld,323-251-7392,504-305-9258,266-RRr-734,3610
Stevens,Lita,520-983-7462,940-905-7162,229-MtQ-752,16850
McKmurrie,Pierson,225-484-2332,313-993-7606,049-E4s-532,6870
Toulmin,Jerrie,559-407-3290,757-283-3131,331-74j-479,14230
Espina,Gallard,208-136-1416,765-113-3813,452-RaR-092,10660
Gian,Marquita,910-549-3257,518-949-1713,976-zKF-709,-1060
Tolwood,Basile,860-490-7247,813-327-1172,068-yBD-723,8530
Aukland,Reagen,810-847-4512,402-146-4194,509-NUv-049,880
Raggitt,Reeva,509-767-3583,303-339-8304,021-mHT-693,5940
Sybbe,Ray,561-387-0455,415-788-8937,519-YjY-048,-2460
Nicely,Jeanine,317-522-8943,650-115-4353,771-G8b-495,12550
Meys,Gianna,832-374-4649,414-422-2370,909-dHd-818,530
Cotton,Land,916-930-1451,806-153-6102,680-8y5-780,7530
Willgrass,Aloin,520-935-9361,713-853-1381,054-X2A-108,5210
Deveraux,Dominique,323-404-5588,478-865-1304,201-xjY-460,3670
Menis,Isak,702-660-5745,804-104-7952,873-sVB-167,6300
Coe,Skipper,334-915-3964,505-594-7517,769-XOI-503,12150
Sabater,Jehu,217-355-0197,505-652-4804,377-wGv-650,4810
Carlisle,Viv,559-696-8521,651-658-6674,214-eeD-512,6010
Jack,Raff,937-774-0483,313-290-0745,730-LRS-040,14100
Hollyar,Claus,919-902-4892,505-966-6810,700-NFq-510,5950
Rase,Dorolice,509-195-6900,312-669-6229,399-HXd-417,-980
Splevings,Shelagh,806-151-6726,317-930-2566,732-97l-849,13900
Birkenhead,Jennica,310-544-0313,317-364-3838,424-pE2-368,6320
Coogan,Leo,318-377-2869,806-643-9833,998-DqY-554,7620
Linnit,Beniamino,907-350-0195,407-974-9966,243-Smq-786,11200
Delouch,Ayn,603-605-6301,325-597-8407,545-EXq-074,3720
Greenfield,Gran,804-973-3308,714-134-3442,044-FYu-362,4680
Butterfint,Bibbie,512-528-6088,904-772-7215,298-med-805,480
Robroe,Bibby,682-934-0784,561-954-8473,156-AMo-024,1700
Leaburn,Pennie,202-873-1895,508-848-2260,464-DLK-985,16070
Bellis,Vin,781-214-0090,209-819-9405,031-kJv-649,-2120
MacNamara,Karola,507-499-2742,561-696-3668,910-QCT-786,2320
Mephan,Hinze,702-659-8138,402-397-6600,061-ACP-984,1360
Wragg,Trace,813-431-5374,205-947-8266,401-xeK-058,160
Fitzsimon,Alec,806-907-3122,215-874-6696,183-9fZ-653,4600
Boshere,Theda,269-284-9689,916-179-2025,206-Fpz-834,3140
Drogan,Marnie,651-647-9677,702-453-9764,786-SZL-351,2980
Priestley,Alfreda,415-260-1436,952-723-6917,334-AiC-836,3930
Scarisbrick,Ryann,718-244-6214,901-600-3722,346-Zkk-851,7230
Culverhouse,Nita,407-315-4410,602-512-5226,812-xaq-214,1500
Vaud,Estrellita,801-346-9939,804-826-4263,025-MuH-294,8360
Hambers,Genia,206-171-9217,740-265-4676,625-rf5-914,11460
Grzesiak,Dorrie,561-133-7471,651-110-5362,984-Acj-169,8640
Emtage,Rudolfo,510-992-8992,901-754-5621,514-l71-099,7700
Yushankin,Sherwood,615-641-3728,936-678-8411,693-N98-488,15690
Shepton,Karna,413-409-6695,312-120-4716,099-KIE-782,-3550
Allman,Ford,253-920-0045,404-320-6224,323-jAX-893,-4870
Grew,Keith,214-345-4009,402-161-6414,622-q4s-729,7260
Blazevic,Jermain,804-380-5695,404-218-6482,789-SmF-464,2110
Rains,Hillier,312-957-5608,646-877-7787,383-5q1-507,2520
Fassan,Kippy,305-504-1710,847-724-1091,015-hS1-656,4430
Chidler,Ashlan,202-578-2746,818-179-4939,102-WzE-685,3960
Tidmas,Stephenie,202-508-2249,206-542-4719,211-0K4-383,16210
Ibel,Myrtle,650-213-6086,812-475-3211,463-One-435,3760
Benkin,Cleavland,207-252-2408,212-142-9493,093-jG7-481,4800
Cases,Emalia,814-235-2960,314-228-1279,728-wim-985,2010
Rosevear,Gray,513-989-2397,717-412-9176,340-hLu-852,530
Lowerson,Elfrida,702-221-8868,570-649-3769,577-yPm-406,6970
Mattisssen,Rosabel,281-949-7686,727-264-3401,837-ddC-076,4250
Blacklidge,Jo ann,859-954-0567,434-170-5307,683-0tA-380,3100
McNess,Matilde,402-215-8094,717-147-3486,646-vZV-938,7140
Saura,Meg,502-805-6484,315-802-8408,836-3Q5-637,4170
Steart,Ludovico,609-994-3178,269-399-0718,772-WSh-084,-1410
Stefanovic,Carmelle,214-789-4070,330-972-1006,103-ao6-015,2690
Clutten,Jobye,718-145-3445,801-933-9602,631-4rY-318,7110
McGrirl,Amalie,650-548-3837,818-859-9170,634-UsZ-729,11600
Hymus,Rubin,229-846-4229,952-282-1537,874-7d1-075,8510
Goldthorpe,Rickert,702-858-2317,501-693-9501,333-6kP-263,5340
Elbourne,Ray,417-502-5795,502-713-6718,525-4G8-602,940
Girone,Jerri,410-467-9600,972-895-8271,083-N4h-694,11400
Verey,Mirabelle,504-314-1803,770-945-0265,631-w3y-778,-4650
MacDaid,Wileen,801-653-1256,754-393-1768,044-Fcg-563,120
Gossage,Lyndell,202-532-3508,646-106-3670,796-FAV-102,5240
Balcock,Mora,562-365-8989,719-703-2087,770-tIt-752,2190
Simenet,Nobie,260-818-0414,202-920-6854,196-wUm-513,10200
Houlworth,Adda,904-192-4668,615-670-8557,042-CKO-280,-510
Treherne,Konstantin,832-678-8315,602-284-1802,056-4Jp-532,16680
Dible,Mylo,818-511-9275,850-864-5698,891-h15-953,5850
Milnthorpe,Kenyon,515-561-6297,260-653-3059,839-CJg-333,4620
Piner,Dredi,503-533-6660,312-741-6953,094-Inw-205,4380
Battersby,Tiphani,941-749-2567,786-597-3580,809-yem-577,10030
Ashpole,Berti,818-173-0527,323-541-6305,462-yIU-737,5390
Bemand,Hermina,214-281-6104,339-372-8107,673-IEd-991,5690
Gagen,Alyda,432-457-0239,719-310-6725,632-Nhi-534,7080
Ashford,Mic,509-425-6904,417-878-8162,952-gVx-661,700
Kerslake,Tibold,203-365-5848,952-247-5426,860-jyj-706,6600
Crosscombe,Jennica,704-865-5051,313-240-6361,879-ze7-272,-3540
Chatten,Sibelle,505-872-3121,203-430-8145,725-iRn-679,6700
Edington,Sauncho,720-639-0442,619-995-4099,594-LAT-035,12730
Niesing,Simonette,770-847-0890,623-838-7238,795-FJU-748,-640
Limer,Hoebart,719-273-6887,954-689-4760,645-EpI-652,10150
Huddle,Roby,651-768-9995,765-865-7926,694-LkI-646,10390
Screwton,Fabe,850-991-8481,917-226-4603,283-KLU-493,11240
MacGinlay,Denver,202-119-4530,859-456-7622,628-7TE-154,4360
Dommerque,Ivette,912-863-5528,515-227-7066,298-gzm-165,12390
Yanshinov,Rhonda,617-797-3320,504-319-8413,002-YsR-694,930
Stollberger,Tobiah,423-846-6032,212-910-5332,414-Efj-613,270
Peealess,Spense,913-185-6084,239-177-7155,228-5Fn-219,3330
Hayford,Tedie,562-208-8905,615-627-9794,433-KIc-048,1530
Worner,Dulcy,206-487-3708,502-717-5784,892-IqQ-970,0
Lamble,Tiff,860-290-2629,229-189-3172,177-irS-334,13710
Sarath,Read,909-404-6334,509-351-6092,626-lLJ-206,7660
MacTrustrie,Jeremie,313-624-5112,318-319-9589,707-MLK-707,8710
Ingerson,Cristobal,423-333-2228,816-657-5285,911-A3l-069,-520
Tyreman,Violette,716-371-5227,760-987-3314,317-RHY-276,10980
Arnefield,Johnath,770-344-0095,862-990-4706,374-go8-745,12020
Lodevick,Prudi,214-659-8009,478-631-3255,154-cpQ-689,2470
Eite,Broddy,915-214-6776,502-678-6876,217-UsW-931,-3050
Sivorn,Halli,479-953-2864,617-781-5654,627-n1F-453,3950
Petera,Alberto,571-691-1837,917-739-6057,079-yCb-486,11120
Craft,Adi,714-541-9225,303-502-6999,839-SN6-805,-6640
Peye,Humfried,817-924-2707,941-825-1968,812-Uo6-500,1090
Obington,Shanon,202-577-0567,586-696-5491,355-INq-510,7960
Cawson,Lorry,405-112-6285,916-308-3335,657-mBN-752,1000
Grigoletti,Gerhardine,203-527-7141,602-331-4661,063-bI7-105,3950
Jeremiah,Salli,702-344-4297,408-464-9772,862-T3v-158,8600
Garlicke,Marcellus,505-826-4284,509-466-7525,215-iVp-890,10500
Croce,Carlina,202-762-9463,727-127-1348,243-alM-628,2550
Deyenhardt,Geri,302-160-1676,520-543-7779,725-7UG-062,10450
Nattriss,Bernette,973-656-2986,402-197-3643,029-yJN-656,-650
Romney,Wain,402-522-9197,912-948-1100,560-eRB-544,8310
Brehaut,Avram,909-744-2535,239-976-3507,267-bvz-036,4390
Allenson,Stearne,334-203-4000,918-162-0175,935-STM-481,6320
Cuthill,Merrielle,206-626-4018,713-120-7765,060-cu8-114,6270
Pratt,Gayle,209-329-8805,423-114-3665,676-znC-472,8590
Goldman,Madlen,517-792-7783,940-128-1041,133-Y1K-745,-1350
Bartolomeoni,Tallou,772-720-9948,310-312-0335,622-b4V-111,5180
Revie,Nedi,419-332-4818,234-195-1574,664-ZOj-364,410
Cleugher,Jules,573-580-9596,513-120-4267,352-HeL-430,4760
Pardi,Tamarah,251-988-3651,518-751-4531,316-cwz-448,4120
Sabate,Jaquelyn,901-892-2934,915-947-7631,606-YWl-617,6950
Etridge,Marcy,513-442-4240,818-291-3517,856-LTy-009,2660
Adkins,Veronika,937-160-6449,612-346-7926,815-yY8-552,5490
Vedekhov,Averil,763-518-4557,916-647-6183,628-50s-001,-970
Caudrey,Laurel,225-152-3974,612-483-9337,567-92b-066,3520
Standish,Nobie,850-968-9093,937-425-3124,634-0Sn-616,3960
Mingotti,Freda,719-640-8253,773-802-1702,023-BFs-072,8040
Olrenshaw,Tara,732-113-5900,517-366-9990,107-lfZ-546,8400
Ruddell,Nathan,727-741-8988,253-281-0482,179-gjD-584,1330
Kiellor,Arabele,561-225-1068,734-187-0010,774-D3h-336,170
Lavington,Bancroft,562-892-8512,713-173-3066,767-Yog-589,3590
Eisold,Alexi,478-114-9683,804-813-0013,812-FOs-964,740
Gervaise,Dulci,313-200-3087,619-104-4957,086-Hfb-776,-4230
Lappine,Neddy,516-233-6355,239-340-4636,765-Xfl-900,6380
Frascone,Mayor,260-198-2842,513-231-1071,877-g6M-006,16790
Dukelow,Bailey,859-501-2223,917-593-8881,988-ZR0-549,-3420
Muro,Patric,408-233-4240,336-880-4070,311-GxA-133,2000
Kingzet,Kaylil,336-356-8085,213-347-4630,110-dDs-871,5380
Windows,Alayne,201-562-5252,425-421-9864,861-KMi-948,7410
Tirrell,Ethel,510-744-2903,234-509-4769,243-7th-668,10500
Newall,Rayna,785-227-2924,717-331-6851,036-oU9-031,1340
Heading,Drusi,303-987-0143,770-946-4307,847-Szs-324,-290
Burdas,Jobey,513-564-8382,806-487-1568,050-WVr-457,4710
Mathonnet,Ollie,912-738-7310,817-744-3952,993-p0r-714,420
Tissiman,Shelly,407-459-4079,817-113-4658,435-wEu-774,900
Breakwell,Danny,217-447-1193,971-726-3909,038-TDf-205,3060
Ashcroft,Harley,337-651-8072,713-977-8587,787-WXG-387,7520
Dobeson,Fernando,989-943-0320,559-151-4325,547-5rJ-753,4680
Cutbirth,Consuela,309-611-3302,334-807-8698,725-SF3-778,3420
Ruzicka,Karlis,864-875-0491,908-223-2327,995-uAZ-170,13770
Dorrance,Reiko,212-144-9182,713-922-1019,217-iy5-514,7860
D'Errico,Cleopatra,919-787-1079,218-200-4434,347-DPe-565,7190
Teasdale-Markie,Bliss,713-312-8004,859-828-7947,989-S4P-393,370
McCafferky,Julia,314-322-6020,415-326-9821,497-ZAS-209,1860
Fearnyough,Ariel,240-492-8095,571-908-9039,863-pFm-263,8690
Jouandet,Mendy,614-681-8243,918-254-0679,985-P7e-861,7550
Booi,Alaine,763-413-4587,202-208-0487,402-mTi-816,9910
Kiefer,Tybie,901-731-1560,909-410-4915,036-3Ut-002,4110
Romayn,Biddy,504-291-6244,757-813-5424,372-dIG-744,4860
Joist,Claudie,202-152-1003,260-666-4623,221-P5R-356,-3270
Eccleshare,Bryanty,651-866-5519,386-667-0858,200-gNt-235,3380
Redmore,Kellby,570-469-9925,701-473-1941,906-Z5g-391,-1110
Greiser,Valentine,806-558-0321,423-793-7039,185-fCs-006,5270
Merwood,Eddy,919-405-8470,559-284-8426,713-wXW-537,9700
Alder,Bern,719-522-3799,770-817-3820,948-TSN-480,-3650
Roset,Therine,801-516-3318,757-467-2054,647-8RB-338,5160
Lodewick,Nedi,317-680-3509,417-305-3808,894-Xbr-157,-620
Houldcroft,Arlene,713-398-3408,404-157-6012,058-BLn-708,11270
Chatto,Minni,352-818-5715,803-409-1859,086-jJ7-388,5690
Chilcotte,Travus,561-683-6911,214-450-8985,968-sXi-707,5110
Atterley,Ajay,719-983-3280,301-650-7265,602-MJM-968,5280
Keppe,Torie,860-363-6646,212-783-9078,826-9NP-974,6950
Binnell,Cammie,571-382-0383,469-126-0995,620-f1F-038,-5820
Tomson,Philly,319-353-2579,404-192-5984,558-mzZ-671,11990
Legendre,Corella,718-285-2754,734-775-6562,765-pxj-293,2650
Chilvers,Jorey,850-379-7401,805-406-7015,076-9uy-758,11290
Hedgecock,Lissi,323-705-0023,405-477-1788,781-e45-784,9800
Charity,Deina,540-684-9399,303-791-4831,398-4GZ-342,5360
Stetson,Marcille,682-752-7693,863-636-2826,668-hoC-511,13980
Flobert,Cristobal,215-607-1257,614-112-3084,155-GLS-875,10860
Swinfon,Dorolice,408-952-3072,816-202-6757,700-r5t-533,14930
Copland,Evangeline,817-688-8385,724-216-1044,477-KE8-159,4810
Woehler,Nerte,713-862-0831,410-503-4937,731-971-375,5970
Nary,Catherine,304-376-5483,503-348-1373,177-Sr6-528,6900
Coulthart,Junia,254-709-6036,314-548-9566,670-DHs-252,3230
Tockell,Darell,517-384-0011,405-558-4112,018-V07-175,-1200
Rowbury,Maisey,234-876-0931,904-403-1170,356-imh-622,8440
Tourville,Adriaens,502-485-7083,251-429-9255,636-8tn-466,7670
Bradburn,Keelby,859-588-0224,812-995-2060,877-qlL-506,-360
Quelch,Shaylynn,619-385-4030,434-631-9112,718-zBL-498,1940
Fisby,Ginger,212-586-4012,815-439-2103,246-Jc1-579,11790
Scorthorne,Dominique,209-652-4319,405-547-9511,740-XYj-033,6650
Casbolt,Petronille,323-164-7383,213-926-5925,496-xHM-527,6890
Santarelli,Jillene,360-307-5137,770-878-4872,655-xG8-647,9410
Connechie,Morty,901-416-8719,518-837-5667,207-G0C-524,4100
Budding,Tulley,719-723-5212,254-551-5208,636-QwW-091,18360
Bravey,Eddy,540-158-6866,203-717-0805,499-CIJ-188,13850
Pressnell,Hermann,850-648-4750,850-876-5231,329-vVj-125,3090
Rubury,Teresita,214-690-3987,605-750-2722,604-JOk-574,11250
Baldam,Sumner,850-921-3977,508-345-6589,791-vPo-923,2380
Staniforth,Maisey,305-979-6149,559-677-6311,210-Yfe-318,-5800
Valencia,Lanie,941-148-1850,404-692-5089,916-q4d-089,4950
Stower,Denney,304-196-5174,952-544-9040,288-fAQ-780,4250
Gaul,Stan,915-146-4370,217-869-2090,325-E9y-583,1140
Doniso,Florie,312-606-2446,775-916-9338,931-99w-495,16620
Yglesia,Brose,347-818-7871,757-751-2524,222-EZ3-825,2260
Tomblin,Miles,561-184-2795,601-767-1244,703-S6D-971,-4220
Alder,Sammie,240-349-7301,412-600-0181,148-fe2-335,-2110
Giacomuzzo,Adelice,731-638-5077,561-761-6012,274-cf6-045,7130
Shimmans,Rahal,513-815-3857,480-558-0927,451-ivX-458,7680
Lothean,Pennie,410-787-0477,516-758-8305,056-D4z-812,2930
Murr,Walton,251-440-2331,806-246-7208,809-i1k-923,2130
Korf,Renie,214-618-5477,765-369-0039,103-Hl3-195,2170
Robelin,Beltran,818-886-0001,915-935-1959,658-TLF-456,-1740
Jacklings,Ker,702-922-9613,915-968-6121,034-hCD-032,6460
Ashley,Roberta,408-589-3624,971-579-8592,556-ZJy-166,10690
Bayley,Karrie,502-704-5716,941-235-8108,815-jjy-784,2560
Boatswain,Remy,202-945-7372,312-448-5439,525-sL7-162,-360
Wildin,Ange,616-971-0396,225-488-7855,652-Mxn-267,11090
Moran,Aurie,303-250-5326,724-944-4988,649-NBr-470,1430
Canceller,Brewster,706-961-5489,281-284-8093,219-XXJ-243,4830
McReynolds,Terrijo,214-683-7085,417-123-2474,668-RNe-469,-3230
Heminsley,Garald,417-644-9211,817-762-9830,802-s00-295,9060
Demeza,Godfree,336-216-3973,518-418-3610,921-UXI-699,7760
Dowty,Perry,507-628-8910,585-763-6513,723-PoD-695,13400
McPeck,Anthia,208-573-0444,347-105-4439,142-7mI-573,12780
Padberry,Cherye,513-880-1118,813-437-5027,082-YsA-627,13990
Borrow,Osbourn,401-368-4110,478-270-2242,357-IVH-284,-2690
Cleare,Currie,515-310-1166,540-763-4399,107-ZJu-116,4950
Hallede,Calhoun,713-626-2639,775-770-7407,949-aCG-436,560
Koene,Ashli,336-464-2687,239-513-5110,112-l3y-940,15760
Wark,Barnabas,951-688-0924,801-914-3925,835-Zfj-304,2550
Walford,Torin,601-340-6803,313-167-3519,426-E5Q-671,12960
Heavyside,Monroe,234-573-5056,701-715-0881,960-wWY-572,7390
Vacher,Mikaela,408-354-5176,626-328-1231,942-YeV-783,6870
Bullocke,Eb,915-725-9243,414-223-6095,626-fY3-733,-1350
Buxam,Isador,804-624-1501,570-212-6675,088-pih-337,6080
McLinden,Dorey,318-868-6827,608-986-6830,985-qxL-454,11940
Zimmer,Mic,503-939-2545,239-689-7263,879-dIo-888,2150
Gosnold,Coral,213-297-3607,404-348-1215,053-AZ1-532,3110
Doberer,Vassily,305-243-7054,626-335-1513,906-fQA-950,7360
Baldrick,Toby,404-650-2450,719-848-8670,523-Rdb-157,3340
Walkden,Stephie,772-894-2167,904-970-0424,733-xzy-147,6090
Puller,Hugh,937-699-9684,313-356-0620,410-JwL-206,-1240
Chicchelli,Stormy,903-284-4144,830-161-5447,514-PAE-555,2460
Impy,Corty,405-448-3040,305-700-6933,307-kfP-504,13800
Henze,Malvin,240-382-5127,508-240-1003,513-xEV-158,6950
Lovie,Anita,706-797-2103,863-457-3799,342-GQC-689,7840
Gartsyde,Bartolomeo,425-197-7503,316-557-8074,295-rGR-884,7700
McKeran,Sherry,336-570-7780,517-265-3849,785-MCo-793,8070
Plumridge,Jerad,918-308-0860,678-128-7984,904-u2v-109,1200
Morrall,Dorena,215-499-6671,937-669-3745,199-L9r-405,10560
Daltry,Kyle,678-514-7211,814-793-2838,967-DBd-870,9500
Immings,Egon,503-430-9650,214-720-8297,507-cjo-507,-530
Hadlington,Chloris,919-512-6695,203-324-2604,907-YSs-819,10160
Featherstonhaugh,Germaine,734-512-0425,208-427-6418,237-pPK-711,9610
Maylour,Maryl,404-689-6154,502-453-4954,531-MOu-661,5720
Ramsby,Jeramey,610-122-3811,508-141-0397,472-9xc-226,-2940
Magee,Meredith,415-450-9990,313-686-8761,976-gW2-703,-3740
Chatterton,Aluino,615-298-8927,316-296-0295,483-RST-302,10110
Doxey,Genovera,601-451-6762,352-270-6125,454-ufl-927,-580
Haysham,Chaunce,314-695-5716,202-754-9437,759-SSY-502,-260
Janjic,Selena,504-548-3406,404-880-9531,426-yI1-973,2910
Woolen,Gottfried,502-350-2551,951-840-1954,584-o1I-635,-6700
Whitehorn,Sean,212-530-3470,570-504-0978,610-BYZ-975,-1280
Horrigan,Marve,682-545-7890,904-502-7164,385-nMu-884,11220
Berrow,Hortensia,952-881-3821,916-643-9446,689-sSv-068,6660
Pendreigh,Morna,407-148-0651,215-767-1996,346-WJB-018,4560
Crosson,Siffre,240-693-7196,704-904-9097,159-M32-268,5040
Vero,Brodie,860-188-5676,214-958-8156,899-mAe-071,960
Calterone,Joane,323-388-0306,216-225-2762,808-Dqv-737,1720
Hollingshead,Ardelis,517-136-9092,209-213-2198,472-EQS-672,2480
Camilio,Kiley,352-432-1455,682-231-3542,430-Ihc-666,6380
Hamel,Alameda,361-776-5185,231-419-5402,762-gLr-782,10390
Hilldrup,Katie,781-663-7212,718-856-0246,602-r5Z-412,4640
Borrell,Sherlock,816-114-1281,651-883-7702,432-1Ew-220,9710
Hooks,Massimiliano,919-292-3714,859-910-8314,111-qXt-871,8170
Glendza,Fiorenze,713-697-0492,212-679-1418,108-jVF-256,10160
Craufurd,Johnna,415-630-6600,205-313-2558,050-OXu-906,2600
Gossop,Kelcie,713-630-8998,714-251-8630,700-n8W-841,7370
Milne,Xenia,503-650-5103,602-478-5647,824-paC-297,12580
Bellie,Christi,202-204-8791,203-464-6984,704-VxQ-765,1420
Forber,Solomon,907-641-2660,760-628-7725,693-sNy-618,2390
Matteris,Kassie,404-333-2313,251-868-6863,610-8cz-518,11570
Vokes,Kerstin,225-647-7378,714-853-4476,609-7yD-857,3840
Jackalin,Kimmy,859-173-1636,205-534-3263,936-TNQ-499,12180
Tregunna,Catlaina,913-980-9163,505-432-9054,457-xi1-802,5280
Janjusevic,Siward,828-376-2832,512-684-4504,959-BAN-829,3630
Crennan,Jody,585-827-0679,414-726-7073,003-rph-556,-900
Neve,Laraine,832-747-3334,609-886-1393,121-4DZ-170,6310
Wauchope,Devon,513-177-7595,404-760-6108,121-8Gr-156,9860
Ayton,Renault,812-637-0138,941-563-4308,389-krT-185,3900
Klasen,Lynnett,316-125-7372,608-920-2384,970-f1r-699,2210
Steers,Cass,817-190-8068,754-994-8900,113-wUW-764,330
Swaton,Guthrey,901-536-8847,941-706-4103,612-qB3-489,11360
Roffey,Adelbert,330-362-5726,217-428-4902,288-Y6S-739,2880
Polle,Loydie,240-838-9411,909-341-1232,068-03g-340,13110
Krelle,Noby,904-581-9702,210-514-9565,380-fzR-478,1060
Darter,Alain,402-463-6449,208-212-5245,479-OhO-191,1490
Guarin,Batsheva,617-874-5522,602-708-4411,347-nVC-322,10510
Donaldson,Drucy,239-232-9341,508-869-1044,829-N99-009,9250
Scandroot,Odell,830-546-8230,816-575-7625,908-u7t-931,11220
Gyngell,Che,423-997-9502,518-141-0565,024-7PB-442,1760
Humberstone,Meg,818-315-3722,303-331-0133,724-Izx-495,2880
McGrah,Britta,205-120-9463,305-793-5934,038-juT-820,1800
Howard - Gater,Ailina,303-873-1062,704-150-8645,487-qso-857,-2620
Lugton,Sibeal,214-326-0366,215-169-4792,933-2kT-477,15360
Elington,Connie,303-895-2065,561-108-6145,504-YHY-717,5250
MacGinney,Sarine,504-801-8886,425-111-2528,854-lQi-383,4190
Leefe,Carla,386-813-7563,804-533-0512,557-c9M-973,10130
Gligorijevic,Leif,682-855-5969,214-718-4880,949-qEm-561,3350
Laybourne,Aluin,202-769-6990,216-559-8048,407-03d-983,7400
Diamant,Penny,202-244-4380,303-725-7830,949-CER-790,2340
Eddleston,Andrea,713-570-9115,347-963-8490,067-ztu-131,7350
Murfett,Denney,410-427-6921,682-699-6155,439-Rd5-947,15060
Karlsen,Christiane,229-605-0562,479-927-1439,297-nRp-111,4920
Devigne,Ailsun,228-287-9120,402-816-6314,451-jDC-535,3030
Raoux,Jamesy,609-691-6212,203-655-2868,548-3SX-142,8580
Pakes,Rosabelle,410-587-7879,206-834-3333,683-Sia-722,6770
Summons,Verla,205-671-9660,216-792-3385,456-kj1-859,2140
Roxburgh,Christian,314-411-9688,229-306-6448,691-kda-867,14390
Vankeev,Mellisent,678-777-5395,913-480-3516,835-qig-319,920
Slorach,Gussi,920-614-9657,718-342-9189,795-VVp-890,920
Ord,Baldwin,318-638-4442,202-286-5310,642-kqv-159,7140
Pimm,Sampson,775-769-0726,860-783-7283,061-sCZ-236,1050
Adamiec,Bethanne,202-888-1640,225-949-2396,065-eaN-916,1510
Dary,Murielle,979-812-5820,702-945-8561,790-8Gy-121,-1550
Beddall,Bancroft,731-542-0307,910-143-0998,446-MpX-120,2310
Dossantos,Vitoria,952-929-2450,714-673-6613,483-8Lx-387,10690
Hollerin,Broderick,804-841-9861,303-274-3967,114-AhC-623,4810
McCarrell,Suzanne,203-624-4311,513-617-0364,426-rXP-013,7850
Luscott,Ephrayim,757-227-5683,702-873-7244,441-DQo-741,-3070
Branney,Julie,585-786-5843,407-477-3156,607-0uW-958,3860
Dunstan,Grete,612-459-6164,754-781-4666,465-dtl-893,4630
Rylance,Brandon,646-190-7088,515-479-9787,488-5IP-552,3140
Jackways,Chase,412-839-7480,318-867-0638,957-oyk-048,14850
Chestnutt,Geno,603-256-2672,309-822-8074,791-Lfe-427,-1600
Grinval,Chet,304-535-1303,217-511-8031,596-FbP-832,-2580
Roggero,Zorina,801-929-8246,816-621-2283,306-Y8Y-552,9370
Hemstead,Sarette,251-208-8675,937-406-8262,338-5NC-420,10500
Durban,Dotti,515-758-5948,502-521-7539,260-Uwc-383,3000
Mieville,Gerrie,920-656-6443,812-387-1275,087-tEt-122,2820
Lampen,Valenka,425-591-0395,616-124-4053,333-TxZ-108,8320
Karppi,Hali,214-277-0301,202-423-0789,455-gSx-232,3960
Barbie,Lucie,513-297-4851,806-817-2483,854-l1W-019,30
Cianni,Vivienne,916-902-3070,317-997-8174,224-Qx5-752,910
McPake,Ase,858-398-1077,828-491-7647,313-OPr-473,1890
Folomkin,Franchot,916-407-6692,501-785-9703,039-6cN-915,12450
Tofanini,Roanne,808-557-0467,754-680-6547,715-0Uf-716,7760
Hotchkin,Hayden,434-826-3162,334-873-6282,998-MCa-541,3970
Einchcombe,Maris,202-438-2356,210-510-7138,324-dgS-659,1660
Dilke,Georgetta,402-232-6827,202-613-8057,467-ERX-153,7940
Chomicki,Evangelia,816-838-4355,619-626-2344,977-4Ga-276,14960
Calfe,Lemmy,513-434-6928,415-147-8043,723-f4D-174,5070
Pounds,Cheslie,253-349-7938,816-964-4354,421-rmV-559,9920
Burnup,Lanae,202-636-6408,910-960-9353,736-dPl-270,-1730
Mary,Drusy,304-349-0174,713-804-7450,143-Uqg-529,-3400
Froom,Ellerey,254-979-4813,920-485-4074,506-ppo-885,10450
Bergstram,Moses,202-420-0862,757-585-3719,517-hLX-180,3360
Sockell,Ax,405-526-2835,361-917-9375,297-18W-817,7330
Woodfine,Eba,330-352-7143,202-895-8528,581-e6q-769,6160
Sleightholm,Eal,251-190-6215,941-231-4383,134-z9L-693,13210
Krolak,Mayer,901-199-1864,914-566-0067,396-97m-605,10420
Bransgrove,Hilliary,404-809-9078,952-569-0480,325-7iu-454,12580
Krier,Elysia,903-239-0650,409-485-5364,361-rL4-168,16230
Yabsley,Meara,315-975-2583,989-681-3083,265-aGW-459,1200
Beades,Percy,562-610-7300,202-561-5179,785-DwB-467,9850
Bayldon,Jakie,785-227-1370,801-893-6948,239-4SR-949,4950
Porcas,Loralie,414-732-0690,954-520-8905,259-M8E-346,5790
Fabb,Galina,312-685-4796,269-734-1711,956-XfV-598,8630
Beagley,Christoffer,757-570-0044,210-296-1601,044-WxG-420,-1500
Lemmon,Jenifer,202-446-7321,407-472-4597,579-h01-932,6040
Vink,Katrinka,619-619-8504,540-882-4250,175-GMg-930,3640
Willoughey,Binni,818-239-5605,412-181-2703,952-gJM-159,9330
Haine,Dory,314-663-6451,850-844-2976,671-kZl-562,2760
Thunnercliffe,Leupold,540-587-9531,916-882-9869,383-v7G-109,13620
Archbutt,Teddie,407-861-3640,225-655-5155,881-P7V-408,6080
Haldon,Dyane,918-880-3959,517-514-3683,565-YYY-295,15890
Taylder,Fraser,937-744-6156,501-455-3782,414-qlf-177,10140
Abrahart,Taddeusz,404-178-0604,304-919-2997,603-eH5-983,4960
Fazakerley,Mariette,815-634-8056,727-792-9438,291-dlb-319,1750
Aird,Denney,571-678-8739,937-224-7156,438-SMM-484,5150
Depport,Langston,330-300-3644,352-402-1327,734-Fkl-963,7960
Shaudfurth,Darby,337-130-6189,240-889-2761,592-Srw-218,-3840
Kwietek,Cahra,815-335-9994,810-121-6564,656-CGC-506,1040
Skett,Theo,512-425-7078,601-914-6547,259-zuK-109,690
Grasner,Griffith,915-856-0476,918-370-6941,883-MLF-286,6260
Croad,Guendolen,253-647-5135,901-369-1233,613-1LA-666,2930
Southwell,Isidor,561-408-2212,916-270-6373,042-ojZ-519,6110
Playfoot,Eloisa,859-438-8353,862-856-1491,435-pSP-179,14260
Densun,Maddalena,812-779-8415,719-775-9315,979-A28-644,-350
Drivers,Reiko,501-403-5072,251-732-4991,825-uYl-766,-6030
Brownlie,Aviva,623-980-8508,540-100-3729,329-oNs-426,2060
Dennistoun,Celestine,713-723-7823,612-379-9250,294-rr8-531,7670
Coen,Isidro,518-679-9532,832-241-7593,395-O5M-015,9550
McGirl,Kris,562-863-9732,719-102-9270,757-FgO-534,5230
Giacobillo,Ethe,415-248-5547,864-713-9836,821-6So-111,9330
Orcas,Godiva,434-183-2729,215-622-0686,426-Orn-964,12420
Relton,Laurence,864-590-1551,843-674-2839,535-dbu-083,-3550
Schwieso,Billy,510-313-3234,573-339-2416,286-Hff-730,8670
Ashmore,Geordie,212-925-8925,404-152-7499,958-TP2-653,7430
Chrystie,Kris,303-933-5821,786-988-2154,550-zvK-623,5410
Mattiacci,Skyler,804-279-1354,281-105-4925,745-QOP-098,0
Plott,Deeanne,516-696-3497,281-961-7707,663-9WT-448,4400
Estcourt,Estrellita,661-889-9893,304-135-3908,826-chE-422,630
Saynor,Spence,267-412-2427,202-778-0175,532-tUo-653,-120
Tolwood,Brandy,954-557-0257,312-732-3755,228-cF5-185,7530
Diplock,Avrom,971-181-1184,508-817-7028,680-fb4-867,2160
O' Mullane,Gates,508-254-9933,202-346-0462,199-lnC-364,-1330
Corbishley,Amandy,718-733-6425,619-364-4983,304-BiL-544,7250
Richard,Stuart,817-984-8791,818-185-0830,909-WeK-279,3810
Curphey,Jsandye,360-750-5999,515-276-9442,308-eyf-482,10880
Tennick,Piper,915-130-2305,718-647-6841,594-fuL-205,-2700
Feeham,Lexie,818-278-7466,504-497-8207,094-Jjp-439,13280
Askwith,Georgia,682-310-2764,754-716-8175,562-eav-386,7420
Ormistone,Robers,805-726-6771,510-810-1725,014-Hq5-339,6960
Tembridge,Kristan,202-869-2684,334-363-2502,347-J2Y-861,6990
O' Kelleher,Ame,214-758-1118,713-587-3651,505-n6S-507,-710
Liddicoat,Richmond,704-367-9060,203-491-5710,604-sUd-924,4530
Walsh,Barnett,815-494-5879,205-581-2300,362-lMl-156,14660
Danshin,Dickie,918-869-9686,630-423-9947,617-utn-772,7340
Frays,Annabal,646-367-3421,425-337-3645,616-Axy-280,10550
Beaufoy,Storm,816-526-6687,843-341-1542,779-D7j-338,10270
Harnes,Bronny,754-982-5567,412-976-1299,152-TGg-272,10160
Vennart,Roxie,727-484-4345,918-958-2970,571-ag2-050,5570
Smowton,Valerie,562-489-6442,972-290-4012,165-QpR-200,8950
Jobling,Leshia,417-504-1347,972-928-8435,040-CVv-071,6540
Osant,Alane,619-684-1662,352-602-9569,433-SX3-654,11390
McGahern,Cherry,215-137-0821,202-224-1134,374-lSL-338,5760
Coxwell,Sadella,915-310-2442,817-219-9803,465-kUv-519,210
Royse,Cecil,501-804-6570,214-581-8993,638-65b-558,2450
Widdison,Katerine,617-245-5988,650-977-2886,339-Jwv-927,8570
Monroe,Isiahi,615-558-5273,404-782-9386,403-MdF-346,5040
McLese,Skelly,754-759-3291,813-136-9122,763-EsA-072,13780
Bowley,Alice,309-768-2324,228-707-9525,203-m91-842,2870
Emeline,Randolf,303-164-4896,617-244-4912,038-2FW-757,9150
Jezard,Yves,202-654-2640,217-266-8553,820-n6y-313,1960
Cuffe,Ivor,812-507-3756,415-887-6064,076-ECq-699,8510
Ducket,Farrand,619-460-6983,323-548-7288,337-aa9-206,9120
Ruddell,Sigmund,347-363-3432,712-296-2632,967-xCu-287,-3560
Antoney,Jonathan,614-688-4473,610-442-9225,203-jZW-560,7200
Hulburd,Michel,206-304-0333,402-684-1718,120-nNY-372,8760
Scantlebury,Elia,843-902-2026,915-322-6250,859-Kcx-942,-1090
Godfroy,Cassondra,515-815-6443,952-914-7953,231-g0O-987,3430
Farnish,Estele,303-848-4042,913-316-8621,554-XAm-271,6740
Bleasby,Loreen,817-373-1281,808-225-6366,233-GiV-189,16640
Barritt,Gwyneth,203-323-8233,813-912-2670,069-Vj1-707,2060
Reaveley,Mirabel,626-131-4316,585-377-9737,254-xKZ-084,3670
Garett,Mohandis,646-529-9819,909-608-5714,397-WMW-447,50
Southwick,Lisette,760-515-8239,702-212-1070,202-nhg-636,8230
Moulin,Nancey,503-497-5462,404-273-4785,372-nVc-721,5580
Kedwell,Mada,786-960-5381,202-360-0138,040-LAJ-904,2580
Spyvye,Jervis,409-956-7406,903-922-0079,402-Gk5-061,4760
Corbet,Halie,409-942-4721,803-312-3021,208-Wee-535,2730
Stitle,Karna,803-490-8671,614-893-1325,121-PcU-814,8290
Dobbs,Mycah,713-596-9695,520-712-5549,879-xSV-249,8300
Mayfield,Etta,540-151-8950,260-802-5762,345-WLe-497,510
Simenel,Isacco,904-872-3489,510-162-0510,855-VGH-043,14670
Rounsivall,Silvia,405-594-5611,919-495-7124,065-qsU-583,3350
Smale,Chancey,208-704-5714,754-334-6167,547-UEc-024,7710
Cossons,Chandler,904-958-0961,614-230-1857,597-OQI-787,1320
Ziebart,Enrico,904-165-3274,214-752-7346,175-GXb-104,11260
McCleary,Daile,808-617-9502,917-700-7440,118-QfG-908,9030
Monahan,Sara,260-780-5533,337-451-3927,849-rk3-357,3870
Benninck,Biddie,816-460-5515,612-206-7652,721-pNK-445,5510
Guy,Karlan,805-603-9929,858-915-1578,764-t2q-673,3270
Robart,Herbie,951-217-4337,904-545-1015,798-TOO-991,4330
Pride,Michaelina,415-107-4692,915-510-7927,494-xgp-486,610
Champagne,Norry,615-443-5719,973-221-3674,651-XD8-555,1410
Goudie,Ragnar,859-725-5060,972-732-2450,286-qiM-424,3660
Kitchingham,Violet,504-142-6634,831-922-6539,435-vsI-170,2960
Frandsen,Orella,304-511-7542,661-690-2446,867-4AR-014,3010
Henrion,Rudolfo,239-817-1013,317-195-8500,348-4rz-062,3290
Doubleday,Deborah,786-502-4504,518-278-1732,457-xa2-224,6690
Sharman,Marji,828-245-9299,202-867-2291,033-vK6-497,16490
Kuban,Ella,909-102-3830,319-908-9720,270-MDc-126,-2270
Atkin,Sella,208-140-0931,304-879-8839,126-aXa-709,15580
Deem,Corney,540-898-6765,509-734-2842,062-aVC-429,3970
Heigl,Hillel,646-675-4994,320-868-9550,254-GHN-960,5230
Osipov,Wendeline,612-662-3988,254-274-8906,550-9j1-251,6000
Hauxby,Emmanuel,901-880-0755,516-569-0766,863-oP9-217,3930
Tellesson,Honoria,316-302-4620,814-273-5652,983-ebj-003,8980
Foxwell,Kacy,605-925-0658,336-200-4105,250-ADo-478,8470
Bierman,Shae,561-620-0073,702-659-2302,158-o5T-682,-5320
Andree,Cathryn,202-415-0316,334-819-7076,954-IoF-710,1450
Armsden,Maurie,205-435-4773,413-580-4063,895-oEy-176,9510
Haskett,Nataniel,239-439-5924,864-142-0189,937-DIO-777,7000
Curson,Almire,520-851-9729,704-431-0147,073-ioJ-245,3990
Cribbins,Jillie,920-653-6489,619-204-0913,905-imP-357,-2890
Clipsham,Germaine,313-502-2659,321-504-0550,025-mwO-521,3920
Culy,Araldo,954-146-2323,262-875-2206,880-B2E-481,-4550
Marflitt,Auroora,512-520-2043,318-557-3031,080-XDd-904,9770
Doag,Orly,267-565-1900,702-656-6263,764-A7B-297,7470
Pervoe,Agna,312-658-7536,865-199-0374,679-EOE-708,8650
Bassam,Kristy,916-930-7777,585-237-6898,606-J0c-323,4670
Roelofs,Martelle,309-884-4404,505-736-5122,476-Ewi-915,10000
Penddreth,Harlan,571-895-5990,402-935-7398,143-RzD-434,10170
Phin,Pasquale,816-321-6029,757-706-1303,852-z05-989,10540
Bafford,Lela,651-989-2550,915-846-0211,126-R9A-699,4070
Rockcliffe,Northrop,718-277-2911,804-725-2736,023-ZGi-901,-6600
Rown,Aurie,954-534-7333,304-128-4665,231-VPb-551,930
Stopper,Veronike,314-367-4220,214-262-3735,242-dlZ-703,10350
Gerrard,Ingemar,304-956-9633,313-126-4418,919-zOG-510,6910
Langran,Diahann,754-606-7771,515-662-9053,029-Fqn-781,5380
Gent,Felisha,313-279-0271,813-319-4189,861-4YS-228,7110
Backson,Vanna,213-814-1834,954-923-8631,803-NES-712,-1800
Stockow,Darcy,215-497-8793,862-535-5676,297-UCU-704,2600
Jaqueme,Caty,956-240-3338,937-125-7066,185-DGB-223,5520
Langridge,Joseph,702-785-5597,202-720-5024,539-7TU-851,9550
Delahunty,Dyanna,810-926-8911,801-556-7889,164-kA2-372,3160
Duffree,Thom,615-416-4852,313-283-3423,101-FMA-115,10840
Redley,Roxi,202-919-7670,801-472-0787,890-Bql-117,8750
Murfin,Humfrid,774-872-1002,212-416-5219,110-xzo-536,-1700
Rishbrook,Dalt,941-985-6292,201-545-2777,502-twY-247,3410
Fogt,Marty,202-196-1144,213-471-7455,511-sqT-956,9030
Satyford,Jeramey,650-768-3804,210-660-7227,598-g6o-302,14520
Davidson,Stanfield,502-543-6155,432-922-4941,191-4Ny-799,6680
Cleghorn,Abbie,919-388-7961,603-301-6081,637-ZtN-924,-470
Gallety,Kipper,903-830-7557,256-283-7024,331-krf-132,-7870
Pether,Margarethe,651-697-8550,704-764-2243,933-8aY-141,2490
Wiper,Ted,319-983-3825,305-270-2134,402-f7a-957,3860
McSwan,Jesus,202-722-1761,703-835-6694,444-JeB-337,11790
Tames,Web,562-315-4314,478-129-7785,132-2xu-286,4290
Leys,Randie,702-703-0956,209-410-4637,680-bmB-638,10400
Spellworth,Eddy,702-540-9307,330-639-0853,976-5ai-101,5220
Laird-Craig,Francoise,309-856-9620,520-759-8538,744-RxU-377,5450
Gladdin,Blakelee,812-827-4839,915-853-5072,114-c4u-734,4470
Wesker,Dalli,516-398-1851,971-813-7701,800-6s6-938,-2060
Locock,Silvester,205-758-5130,907-396-2089,555-qOp-873,7260
Cappel,Lishe,951-205-0628,405-747-4271,714-Ekw-224,8620
Noell,Doreen,860-619-0514,562-510-0387,723-Z1L-832,5730
Wife,Ginnifer,408-967-2524,212-789-3058,309-5QD-704,-6420
Treanor,Albina,937-602-7680,972-322-7120,765-ob6-759,-1390
Bjorkan,Walker,408-262-6733,754-697-7224,109-bwU-529,9560
Muldownie,Nerti,727-946-2822,816-423-1686,314-UKN-346,1230
Michiel,Josselyn,315-910-8927,650-510-0314,729-9TD-733,8720
Tillyer,Meryl,202-730-0055,503-392-4069,638-5x0-076,1090
Sterling,Joline,304-293-9116,559-664-0339,935-Qr7-401,6820
Jowle,Harman,972-584-6212,212-728-1025,777-9pA-207,5730
Withers,Kilian,813-782-0879,209-986-1366,210-2sL-364,-3320
Vivien,Kermy,412-622-6965,719-730-6423,508-oP3-078,3750
Halfhyde,Dita,619-849-1121,810-878-6452,301-3bN-994,2160
Dulinty,Hetty,512-356-4639,808-577-0565,153-zgw-196,4350
Borless,Job,704-489-6256,425-911-7509,270-3ji-776,6300
Chessell,Codie,208-813-9641,614-709-7605,967-SIF-606,12850
Kenelin,Vonnie,775-453-1012,253-786-0945,934-mo7-811,670
Sergant,Xavier,303-749-8136,808-198-5337,635-hb8-576,-2660
Fratczak,Biddie,612-898-9170,225-397-3883,323-v9Y-238,11640
Dearl,Rochella,336-988-5854,540-598-9146,089-fah-713,-2170
Antoni,Manda,413-482-2573,601-196-5251,746-aMr-941,10520
Quarlis,Jilli,915-489-3571,509-967-8049,971-cPg-798,6730
Barstowk,Lorrayne,909-619-9578,713-583-4596,355-Bth-817,8690
Dumblton,Jaye,408-767-6277,559-188-9799,716-Wwp-778,4690
Ordish,Haskell,816-997-8597,410-419-8486,863-o1E-733,9380
Abdy,Lois,805-597-0543,419-473-6836,971-R9o-821,7770
Keoghan,Thatcher,571-477-4175,484-362-3061,719-3HJ-779,1140
Markel,Skippie,502-331-3725,202-636-7705,860-dMS-552,3570
McPherson,Raynard,202-173-5237,904-245-8813,127-PiL-499,12510
Arnaldy,Bent,513-424-2577,714-547-4604,500-6lW-080,1500
MacKain,Jocelyne,609-147-0155,217-961-9439,603-QLT-092,-1580
Bartak,Greggory,616-347-4002,856-732-1986,582-hkv-268,1530
Lukins,Ruben,254-413-2157,209-750-6300,757-2mG-124,2710
Wren,Umeko,941-944-5869,804-138-7001,044-K7D-969,4360
Stanluck,Nettle,202-599-6881,210-489-2873,635-E6g-239,480
Raddin,Darice,919-789-5813,720-585-6106,905-YLQ-434,8420
Reppaport,Cherry,505-286-1790,619-228-2789,263-lTh-356,2680
Walles,Gianina,862-384-5058,334-124-8289,787-wS1-531,12660
Cello,Birch,505-900-7110,563-280-1177,564-LQ1-864,8220
Vedeshkin,Terrill,302-683-7177,757-800-2213,957-P5r-879,1810
Beament,Jena,561-890-1865,202-631-7926,335-QUQ-122,4810
Thewles,Mendie,734-648-0124,805-701-1821,635-2Ap-712,7670
Forbes,Pryce,706-522-6857,214-195-8586,652-CJF-626,12790
Mancer,Georgy,508-289-5969,360-829-6362,580-0G5-875,9540
Stratford,Kirbie,605-230-7657,301-297-6703,946-EaI-401,3800
Elfleet,Bobette,864-173-8420,915-226-3501,929-2UR-514,1130
Snowling,Geri,515-897-8152,914-570-6625,665-MB3-478,2740
Nare,Ina,713-660-6591,562-876-4283,116-B5O-349,4490
Getty,Jonathon,865-680-8903,571-177-0292,347-Mnk-914,6160
Renvoys,Susana,847-155-5505,661-834-9709,135-fga-277,4390
Liver,Murdoch,203-430-2867,562-758-0075,299-ffL-852,11820
Duddridge,Brien,816-485-1123,803-619-7306,596-2JK-850,-20
Wildes,Marina,812-823-6437,602-436-5124,229-R8x-136,11020
Priditt,Debby,610-893-5191,925-747-4552,002-NNC-497,2310
Powner,Jannelle,805-740-2942,810-237-5932,229-Mtu-177,2980
Gwyllt,Skippie,937-303-3479,612-101-4161,250-OEB-710,3940
Woodhead,Chelsy,586-305-8800,937-487-6517,539-PJY-163,2760
Moring,Lira,412-690-7276,915-909-9439,684-781-763,-1720
Easun,Traci,334-121-7803,508-393-6048,474-TuV-714,5770
Penddreth,Thomasine,508-104-9052,901-717-7066,029-4Zh-133,13740
Euston,Belvia,816-447-2438,254-632-3922,119-gYL-529,3210
Sprasen,Tait,206-528-9760,765-501-8166,097-oKC-082,2310
Lathe,Chrysler,412-754-0776,217-957-3123,399-Mvy-750,6510
Brindley,Laird,501-395-7233,203-421-1201,519-BkU-624,11370
Championnet,Marylou,651-343-8623,808-773-8707,390-UEj-761,3480
De Vaux,Lizbeth,808-806-8403,626-125-5956,990-SgO-715,-1100
Downing,Lark,703-286-7365,254-296-7687,236-ZOj-415,15230
Greschik,Nealon,713-825-4312,619-666-2524,936-Vul-859,610
Schultheiss,Fremont,806-198-5023,216-542-7547,240-fKh-203,5340
Gregore,Beverly,915-782-2786,617-135-1592,530-sPz-563,15120
Oldam,Basil,515-990-0068,408-205-9330,954-Z5T-584,4310
Furzer,Nerte,434-193-1101,304-110-8786,086-yUb-179,3200
Biggerdike,Purcell,913-329-8821,832-461-9489,445-JWD-270,11070
Rubrow,Allyn,504-685-7896,209-697-6207,160-wEO-999,2580
Fownes,Regina,402-827-4412,419-366-9985,784-yI2-909,2800
Nyland,Evita,562-751-2726,757-623-7559,052-CTn-846,2410
Haxley,Teddie,212-563-7492,414-530-1332,002-1PM-072,8430
Ganforthe,Elspeth,205-782-4012,559-102-9566,860-zJv-669,9980
Jacox,Dell,203-190-8022,754-705-7167,676-XdN-178,10990
Bister,Ellene,214-478-4812,757-182-9903,981-BUo-456,-1190
Paike,Cherie,917-162-2838,210-962-5134,656-N93-778,-2360
Michel,Hollyanne,949-429-7010,432-623-8557,307-GnY-047,4700
Drinkale,Kristopher,518-131-0958,651-229-2517,717-h1M-776,11500
Hovard,Danila,518-973-3334,650-565-2531,157-E2t-461,1360
Van der Velden,Izaak,661-593-7490,979-175-1834,589-EFR-314,5330
Perkis,Eugine,646-550-7383,608-717-5786,611-Iho-474,-1830
Treadger,Galen,202-116-1299,714-529-8416,439-VRw-660,10110
Housego,Rahel,321-513-3494,917-771-8195,214-06h-791,6300
Benza,Udale,913-393-9717,718-802-7469,459-w7U-855,-4070
MacCosty,Maryann,770-503-2456,217-874-8997,964-hNZ-736,1010
Kenneway,Collette,352-238-0140,212-539-4099,985-M57-954,-3630
Greig,Prudi,731-565-2424,916-407-8578,707-Jbu-188,1390
Spare,Elston,774-116-0684,404-498-9197,242-Sbs-826,6420
Males,Axel,704-483-2662,318-465-9047,240-lHj-554,4920
Rudall,Ragnar,813-729-7354,860-341-3373,309-eoL-795,7120
Badman,Jarred,303-534-9108,318-960-9801,689-DB6-494,-2260
Jeacock,Torrey,325-881-9233,936-684-0354,069-C9p-581,4920
Petteford,Lizzie,720-699-0522,818-307-8629,781-7fn-102,9260
Sleit,Sadye,850-802-2124,402-440-7014,546-kgW-232,-5520
Glader,Raffaello,513-238-4040,785-942-5885,001-pH2-680,-360
Dy,Fee,904-752-9743,202-142-0706,455-hzP-079,-480
Lasselle,Cathyleen,407-737-1428,229-985-2208,347-IhI-380,6920
Peltzer,Josiah,202-553-6431,301-670-6417,011-X0I-365,1120
Dohmann,Caryl,206-449-5478,571-226-7382,819-Lzv-582,1020
Galloway,Georgia,513-102-7373,937-855-6379,402-L22-332,-960
Palia,Maurine,765-870-6978,231-823-6519,305-xH9-449,12050
Willimott,Grannie,202-964-6372,618-857-3509,589-q6c-438,12290
Karpf,Donni,502-131-0136,303-463-5801,867-dAM-537,10640
William,Coreen,860-138-8558,806-870-8782,000-ITp-242,2180
Falloon,Ermina,949-369-9811,530-405-4236,192-Jch-247,-4220
Bruntjen,Kipp,517-359-3556,606-651-1295,106-NjK-228,9900
Wemm,Karilynn,239-955-2301,816-176-5818,327-y4P-771,890
Trousdell,Andeee,304-620-2530,313-292-3101,964-U81-691,14850
Bearsmore,Hewett,508-577-9295,609-771-2623,561-Q0w-622,13370
Dongall,Cari,678-639-9105,720-375-9453,490-EO6-502,11180
Rushforth,Deny,310-391-5863,713-236-9379,155-KRz-190,11540
Kolodziej,Glendon,260-681-2290,217-925-4871,709-mck-564,3690
Clifford,Caspar,754-847-9367,678-820-1868,965-ycR-952,7050
Grigorushkin,Molli,402-527-7341,405-195-8322,352-IqJ-631,270
Hammatt,Boote,763-727-9744,361-271-3546,026-2W4-095,-1370
Keson,Rori,312-645-0193,612-953-9142,738-Qa0-569,3140
Khan,Ricardo,574-839-6865,304-444-9014,936-6gL-691,1610
Pipe,Jobyna,816-828-6959,508-724-3500,395-O8t-715,3410
Geertz,Dallas,314-223-5132,816-686-0055,515-9lB-452,-600
Reymers,Onofredo,202-527-0381,678-334-0944,237-obR-524,1650
Betjes,Rebbecca,843-289-3238,405-763-3500,645-6C6-122,3000
Mion,Tiffi,813-544-7285,210-260-4188,585-PT7-555,5630
Argyle,Nina,432-507-3612,512-735-4625,194-eQo-553,10760
Bau,Aubree,260-260-6453,901-844-1479,145-xPj-521,1260
McCulloch,Tiffani,989-631-8641,814-800-9687,740-jTF-792,6840
Barwick,Gran,504-964-5846,239-113-3852,006-uEa-320,5690
Buckhurst,Cori,702-656-9574,757-139-8652,406-3mR-459,13620
Leet,Moria,323-657-6064,617-875-1432,784-TbI-751,-260
Tennison,Ahmad,419-406-4625,808-114-3204,489-rvz-858,5750
Yaakov,Iggie,909-821-6749,804-550-2463,418-DRq-592,8420
Reason,Karlyn,504-851-9254,260-956-4173,443-Aus-361,4010
Deners,Samson,419-818-4498,704-458-3440,008-y0G-813,1860
Beamiss,Denice,323-914-1341,702-721-4928,181-w9x-795,-4200
Meadowcroft,Ive,302-824-5572,515-125-2739,747-fvV-907,8970
Linnell,Basia,570-918-3433,615-193-6214,188-YVn-097,15420
Follos,Berty,303-504-9394,304-688-0050,669-t1h-531,12920
Keenor,Dwayne,626-108-7094,480-159-0964,380-hfT-219,5180
Medd,Itch,502-611-1428,239-199-5556,176-MyK-467,10650
Arnfield,Jobie,817-371-6828,706-830-8911,294-eDr-209,5530
Assard,Warner,404-773-1470,718-405-5501,299-JgM-132,13800
O'Lunny,Glenn,339-300-4167,804-543-6392,985-KN3-278,6860
Ivins,Alvan,714-923-2929,585-329-4914,728-GrQ-833,6310
Shergold,Jorie,267-750-3306,804-475-1665,014-HXn-657,3710
Yallowley,Lori,214-449-4347,330-334-5036,887-ETO-311,9500
Jervis,Jefferey,785-630-1213,775-170-0658,331-2XR-553,4370
Attow,Kylynn,626-658-7053,505-697-4619,369-bWe-985,3350
Mongan,Meredithe,941-183-9137,661-947-5708,608-mLz-873,7530
McKeller,Olivette,313-469-5501,314-901-9023,192-qYR-468,8230
McLanaghan,Adriaens,202-287-1235,319-379-7362,223-mCH-373,7830
Rowley,Murdock,718-274-0328,412-206-1536,493-LgH-303,9890
Dunkley,Adelbert,267-780-3714,727-576-1387,330-0kr-519,8740
Ziemsen,Gustav,757-804-4205,562-199-7503,934-N2X-650,6040
Morfield,Giacomo,202-556-3060,786-664-0195,486-mec-320,2540
Olek,Sigismundo,614-928-4364,909-766-7617,695-P2H-730,-3770
Koubu,Damiano,208-808-5721,804-123-7336,482-qU7-809,6650
Malmar,Cheston,517-944-1791,202-473-3085,373-KTZ-153,7980
Carleman,Georgeanna,574-976-5554,213-608-0385,284-Y9J-301,-400
Shovell,Crystal,646-225-8972,817-995-4706,100-yHS-226,12870
Carbry,Nelia,484-380-4059,205-694-1290,785-vc5-700,-420
Occleshaw,Lammond,216-711-1662,806-486-6226,121-1RJ-534,4000
Schulze,Dorthy,915-621-7818,361-394-2822,475-GJD-176,5500
Mynard,Amelina,304-809-8894,212-931-2079,565-JE6-148,2800
Tatlow,Glenden,281-666-9216,804-348-2600,124-ZNZ-920,8500
Bortoluzzi,Brittney,561-415-2619,605-171-4473,161-XR7-734,15950
Sadat,Antonin,503-720-5054,785-803-6982,123-m9J-349,-2630
Martelet,Amelie,408-318-8180,918-332-5824,200-K9j-311,2240
Bassingham,Renato,754-574-5728,386-974-5246,662-Mno-067,10780
Lannen,Alexi,330-815-6801,812-977-7594,230-m4Y-831,11360
Ferrer,Rennie,915-292-9807,408-137-6745,946-pVB-566,4710
Pollendine,Niki,626-602-3257,212-474-4039,561-UyQ-243,4260
Etter,Kendre,612-392-9284,404-877-5841,581-Txd-315,2790
Illsley,Ashla,718-426-2995,312-987-2666,584-zF0-857,1910
Tremathick,Daven,914-373-0872,858-320-6847,927-IR5-908,7440
Desporte,Clementine,646-474-8789,808-337-6223,017-GZE-080,7450
Donneely,Juana,916-581-0080,202-731-0161,180-dAT-365,10420
Marcoolyn,Shaina,503-534-6359,303-984-4990,137-y6o-874,11010
Cappell,Bel,937-507-6261,502-240-6900,617-d1s-973,6400
Yantsev,Antone,812-436-8559,305-755-9890,159-nMl-549,10840
Romi,Deck,702-185-0483,765-346-6473,092-7DR-842,-6640
Revey,Sheeree,917-530-3903,559-671-7229,845-WdN-047,6560
Stockin,Waylon,515-784-9816,304-308-3434,054-KRk-236,7450
Clementson,Jasen,754-153-5823,702-822-1428,281-Sqd-027,-1600
Griggs,Zia,714-647-4332,630-401-9922,229-S7S-783,12120
Bawcock,Leone,512-941-3139,805-555-1874,166-fnh-351,2900
Stone,Waring,212-323-4001,408-338-8326,082-6s1-760,10770
Bea,Ario,618-898-4325,724-433-1136,117-Jwe-119,9520
Cavalier,Hart,910-984-4088,303-994-9803,210-y7x-112,2550
Weatherhogg,Rowe,716-613-2560,703-840-7364,240-7K9-152,7030
Constantinou,Meyer,515-275-6876,941-670-5578,615-nSP-426,6510
Macauley,Rodina,806-595-4184,704-686-8362,814-3wF-991,5230
Hissie,Danny,918-868-6399,915-207-4523,033-dm6-552,7450
Shipway,Sheffie,260-824-5769,502-107-9665,798-lmE-680,9300
Odhams,Maud,212-234-5949,202-185-8051,644-V2v-897,7260
Peirpoint,Jaimie,941-907-6294,412-833-1743,447-aKo-583,7970
Leverington,Pooh,210-571-0712,540-130-8105,774-gfv-228,4610
Linnock,Phillie,479-413-6436,714-984-5204,394-hsl-367,5000
Tinson,Roman,309-617-2166,832-779-4180,712-fx9-827,2380
Folks,Yovonnda,515-447-9447,616-615-1304,216-FDs-715,-4340
Shelliday,Babita,214-153-5233,518-693-2155,775-AfS-748,6140
Ashtonhurst,Prentice,512-974-6709,260-185-0587,737-0sb-959,7850
Harbottle,Jobye,202-273-6860,805-701-6250,563-pUZ-825,6490
Carlisi,Forrester,314-309-0443,757-837-6457,894-o0B-838,12490
Quiddihy,Myrta,314-134-9441,213-458-0669,976-HmB-732,-4310
Buesden,Darla,217-713-0096,716-886-0346,744-snD-113,12810
Niave,Mano,251-280-2528,916-214-2253,771-FwH-048,4990
Urwen,Kayle,915-269-0204,559-226-8136,689-aws-559,1560
Lenney,Lucille,334-251-8149,757-106-1010,443-vas-631,1270
Ilden,Ronni,916-271-8859,718-467-3137,309-vEU-010,8080
Wallicker,Querida,859-304-7652,215-812-9094,566-F1S-655,11450
Szanto,Dannie,360-850-9578,952-654-0986,389-HdW-399,3420
Meale,Lennie,954-503-4109,304-159-1665,762-085-724,2580
Bounde,Vergil,706-390-3138,202-606-9426,323-Ap4-304,14900
Ianiello,Kipper,773-871-8611,303-164-7813,882-EwL-522,4570
Balaizot,Amalle,214-489-7140,404-170-2213,960-tYa-684,5540
Pickerin,Andy,309-819-3368,817-956-1276,746-kxc-670,16700
Pimblott,Lucien,202-417-0210,608-880-6898,165-99w-877,1260
Frye,Lonnard,850-575-0117,713-890-9510,714-pLJ-449,-2300
Andrioli,Hillel,405-162-2333,504-160-0140,437-QV9-042,2280
Fessler,Brig,903-752-5674,786-846-6816,472-shu-731,-3340
Mobberley,Kellyann,713-727-8729,253-366-8706,304-MLK-686,2950
Shoesmith,Griffie,501-871-1147,702-829-8966,798-TY1-259,12940
Merdew,Gabi,806-884-9146,414-418-8909,306-kln-423,4710
Prew,Edward,309-349-7148,540-660-6388,671-KsJ-863,-3750
Highman,Randolf,314-863-3491,404-495-2840,550-7Je-727,4250
Daugherty,Gabbie,215-301-3747,313-801-5391,619-g5S-162,10710
Burgise,Dukey,859-801-6640,205-424-5497,611-EFo-679,4210
Titterington,Keith,206-923-3358,407-788-9012,187-bL3-435,13660
Torald,Madison,206-208-7101,571-795-5404,280-TgJ-543,17850
Scandrett,Tobiah,336-485-1612,804-195-7328,481-4jw-834,-750
Povele,Johnathan,214-658-6275,319-289-4435,866-wTf-667,15520
Emlin,Druci,915-231-5805,302-596-0407,317-0py-709,7930
Bollom,Darb,936-973-9349,432-444-5469,688-2X9-191,5820
Bolan,Boonie,213-423-8209,202-172-8364,295-Nd8-105,2520
Heaseman,Birgitta,216-994-0281,210-486-3049,612-gRm-766,4670
Leishman,Renato,559-887-0151,816-682-4060,986-Xo8-069,9320
MacGragh,Mariann,404-765-7562,561-963-2379,446-xXF-145,10710
Lyford,Faydra,915-856-2272,801-515-1010,045-kkn-952,4800
Braga,Chalmers,314-219-0888,254-485-9452,112-5jc-599,1710
Askwith,Dennison,919-995-3724,208-413-2788,827-ckP-171,1630
Spofford,Wood,503-716-0828,774-127-9362,840-3sF-894,9240
Henningham,Clem,602-923-9605,504-263-8039,219-xfS-455,7430
Cheney,Natalie,619-965-8755,760-526-9366,625-1to-419,2890
Fairburne,Karolina,402-223-4463,813-487-7868,122-oQi-453,6820
Clingan,Ruprecht,816-256-0565,518-524-2057,346-7Ip-552,3300
Walden,Ailey,646-126-2850,719-909-8332,926-vFE-099,2800
McGruar,Genia,402-792-4925,832-139-9791,505-ySi-832,1630
Barby,Archie,212-906-4714,919-375-7556,970-zVL-816,7120
Bevis,Ginnie,312-304-5514,612-700-6710,333-N6U-352,4600
Tregunna,Emlyn,585-456-6311,334-359-9192,676-e9V-961,-270
Ogle,Nola,520-239-8245,513-439-8574,020-6bG-013,250
Toten,Essie,903-322-6616,860-950-1803,654-smc-616,-6240
Calwell,Bob,215-561-3853,361-945-1534,328-ixA-938,9210
Biddleston,Damien,510-572-7667,972-717-6141,401-BZW-591,6380
Marie,Auroora,240-462-1532,717-731-3689,229-5mI-317,7220
Dollen,Henrie,617-560-6985,213-458-4462,831-qj1-933,7630
Warsop,Audrye,919-778-2814,412-668-5426,725-imc-620,870
Yegorkov,Jaquith,316-268-8089,202-673-0622,307-dOI-277,6320
Haighton,Viviyan,214-841-1592,650-714-1313,313-DMm-345,5140
Firminger,Loraine,813-237-2818,808-127-1356,736-PBL-608,3700
Daffey,Arch,760-393-9221,601-894-5967,908-DOn-690,8490
Girardet,Julie,773-411-8754,801-125-7514,518-Yp5-583,5970
Key,Orelee,469-809-4716,318-584-8268,650-fWB-111,2990
Diess,Bessy,915-386-5759,412-300-9935,367-TFS-158,4810
Fury,Barton,763-241-7754,775-110-8968,654-7Qf-360,-3360
Prater,Flossie,682-294-0605,210-515-6868,234-uWG-260,14590
Hutfield,Margot,602-431-0013,210-439-7653,805-3eo-409,6840
Asp,Lynn,864-969-3616,434-877-0461,845-oBR-659,-1090
Tzuker,Allina,801-212-3673,925-480-6738,336-wng-510,2480
Bethell,Elisabetta,804-935-9232,203-624-7983,538-5s9-673,1500
Dominiak,Blinni,318-615-6110,443-766-3447,244-OCU-253,-320
Dyne,Hervey,210-183-0416,818-864-9001,206-dJQ-705,14080
Hambleton,Bridie,571-714-1469,765-869-2674,614-WLV-550,-5320
Fenby,Isidro,901-320-7130,405-677-1271,752-oju-052,15530
Coger,Barret,304-542-9038,319-473-0894,933-aDd-587,1640
Heild,Jemmie,907-153-4302,513-505-2589,083-3PW-531,6350
Del Monte,Arte,304-951-4355,402-213-2346,593-AsW-911,4080
